driverId,name,ssn,location,certified,wage-plan
10,Lindsey Zuniga,619-39-7065,"151 Stephen Station Apt. 104
West Barbara, MS 16262",N,miles
11,Kenneth Johnson,486-74-3275,"4118 Christopher Plains Suite 739
Lake Zoe, AK 73070",N,hours
12,Tyler Dennis,329-10-3699,"8986 Mcfarland Mills
Ericton, IN 90213",N,hours
13,Hannah Glenn,068-98-9884,"64038 Nelson Gardens
Harperbury, NJ 99390",Y,miles
14,Megan Roberts,198-48-9521,"6351 Sergio Stravenue Apt. 078
Michelleside, CO 63547",Y,miles
15,Molly Harris,311-46-5529,"645 Megan Forges Suite 337
Wattstown, PA 44528",N,hours
16,Hunter Boyd,231-57-1728,"383 Karl Shores Apt. 194
Kurtmouth, TX 61422",N,miles
17,Bonnie Byrd,181-21-4894,"100 Garza Flat Suite 378
Robertschester, AZ 22445",N,hours
18,Ricky Thomas,899-09-3169,"512 Denise Extensions Apt. 206
Jeffreyborough, WV 76582",Y,hours
19,Barbara Hall,707-53-5386,"675 Bishop Way Apt. 868
New Melissa, CT 29445",N,miles
20,Joseph Mercado,400-09-9566,"9973 Joseph Stream Apt. 081
Lauraville, NH 05063",Y,hours
21,Amber Welch,096-95-6747,"4789 Amanda Overpass
Lake Dylan, GA 21345",N,miles
22,Jennifer Estrada,400-95-5908,"5105 Hernandez Mountains
Williamtown, CT 88146",Y,hours
23,William Webb,533-97-8611,"06595 Fox Shoal
South Cameronberg, HI 17480",Y,miles
24,Dana Patton,698-90-8091,"7464 John Crossing Suite 093
Parkerfurt, NH 18193",Y,miles
25,Crystal Mckay,805-39-0370,"USS Walker
FPO AE 53332",N,hours
26,Kristina Smith,131-23-1214,"9600 Lance Lights Apt. 660
Lake Savannah, MT 22228",Y,hours
27,Brandon Vasquez,060-79-3844,"74306 Clarence Harbor
North Michaelfort, TN 33414",N,hours
28,Anna Turner,326-32-1222,"237 Brewer Expressway Apt. 006
Jessicamouth, MN 08413",N,hours
29,Laura Harris,753-02-0204,"527 Owen Lake Apt. 307
North Kevin, PR 52795",N,miles
30,Debra Hawkins,223-48-2695,"3246 Tyler Grove Apt. 681
North Sonyamouth, ME 70035",Y,hours
31,Anthony Sheppard,102-52-2583,"5879 Paul Courts
Johnsonland, SC 87138",Y,hours
32,Karla Rojas,261-74-4199,"86821 Amanda Pike Apt. 081
Fitzgeraldberg, MP 04802",N,hours
33,Jason Williams,104-57-6093,"5359 Cherry Crossroad
West Taylorborough, PR 67019",Y,miles
34,Jennifer Johnson,345-29-7601,"62623 Hopkins Locks Apt. 178
Murphyside, MT 61492",N,hours
35,Lonnie Schultz,888-40-7525,"5571 Ronald Overpass Apt. 510
Wardtown, GA 64708",N,miles
36,David Martinez,448-57-4067,"56531 Walker Row Suite 557
Myersport, TN 85829",Y,hours
37,Robin Schmidt,065-85-8817,"41760 Kyle Coves
Evansport, NE 94308",N,miles
38,Teresa Hansen,047-87-5412,"2058 Perry Station
Lake Virginia, DC 92431",Y,hours
39,Donald Reyes,370-28-3456,"60194 Roberts Via Apt. 772
Thomaston, UT 04378",Y,hours
40,Samuel Lawrence,331-51-2668,"7962 Zachary Track Suite 668
North Joe, DE 84381",N,hours
41,John Kelly,527-06-1037,"19159 Mary Fort
Rodriguezville, PW 61153",N,miles
42,Summer Davidson,032-84-9945,"6670 Jessica Isle Apt. 450
South Jamesside, NE 64213",Y,miles
43,Haley Anderson,313-53-9681,"02547 Travis Mill
Lake Christopherborough, GU 79435",N,miles
44,Cory Costa,150-59-3751,"0160 Henry Road
Kimberlyland, MH 92433",Y,miles
45,Beth Holmes,296-72-8255,"50555 Denise Spur
Shannonside, VA 10656",N,miles
46,Andrea Fisher,098-27-8728,"4992 Smith Dam
Higginston, NC 89204",Y,miles
47,Patricia Hernandez,072-75-5694,"386 Wallace Trafficway
South Johnhaven, DC 07342",N,hours
48,Gerald Leonard,263-60-7180,"64691 Koch Motorway Suite 412
New Steven, AS 56658",Y,hours
49,Nicole Foster,609-53-1550,"93472 Green Mountains
Jensenshire, SD 13209",Y,hours
50,Leslie Sanders,785-60-3339,"1646 Garcia Brooks
Jacobchester, AR 42948",N,miles
51,Alexander Henderson,426-75-6907,"59826 Flynn Roads Apt. 161
Lisamouth, PA 79203",N,hours
52,Tracey Frey,643-75-0721,"USS Scott
FPO AE 80108",N,hours
53,Jessica Wilson,199-39-2321,"868 Little Falls
Philipborough, MS 43604",N,hours
54,Cynthia Craig,415-58-2112,"363 Benson Ways Apt. 373
South Ronald, VT 11460",N,hours
55,Jennifer Coleman,841-09-8922,"740 Miller Curve Apt. 645
Ewingside, OK 39218",N,miles
56,Stephanie Pena,867-95-9879,"4177 Ford Lodge Suite 223
Michealborough, KY 39735",Y,hours
57,Aaron Howe,528-20-7079,"9121 Travis Prairie Apt. 772
Adamtown, GA 09825",N,miles
58,Joe Johnson,381-75-1590,"642 Mcdowell Drive
Lake Jeremy, NE 63345",N,hours
59,James Williamson,398-60-9879,"6644 Bobby Radial
Lake Ashley, NH 87326",Y,hours
60,Sandra Boyd,479-12-5742,"5944 Thomas Stravenue Suite 699
New Kennethton, HI 27235",Y,hours
61,Kimberly Gonzalez,548-63-9570,"181 Carter Courts
New Josephmouth, KS 19104",N,miles
62,Eric Gray,410-66-7500,"63478 Eric Mills
Kingside, OH 13948",Y,hours
63,James Washington,624-88-7999,"2246 Victoria Coves Suite 180
Jacksonstad, WA 05443",N,miles
64,Tara Mendoza,853-76-9174,"9577 Taylor Field Apt. 250
Walterstad, CA 48882",N,hours
65,Anthony Thomas,402-23-1289,"92829 Jackie Field
Richardfurt, MO 57989",N,hours
66,Samuel Lucas,084-27-9057,"182 Webb Island
Jasonton, FL 42678",N,miles
67,John Liu,117-49-4393,"228 Aaron Forges
New Kennethburgh, KY 38431",N,miles
68,Thomas Morrison,264-99-9763,"867 Kathryn Lights Apt. 800
Richmouth, WI 75192",N,hours
69,Stephanie Henry,555-13-2160,"07832 Laura Parkways
Vazquezburgh, FL 61357",N,miles
70,Whitney Thomas,311-33-2250,"123 Kelly Mission Apt. 552
North Elizabethtown, MA 78281",Y,hours
71,James Smith,002-23-6974,"84139 Christian Forest
Josephborough, VT 01453",N,hours
72,Stacy Bell,282-76-7987,"3349 Daniel Mountain
Christophershire, OH 35531",Y,miles
73,Robert Mendoza,354-88-3396,"Unit 4942 Box 9070
DPO AA 10269",Y,miles
74,Latasha Boyd DDS,067-87-6849,"691 Christine Hollow Apt. 651
North Richard, IL 11770",Y,hours
75,William Steele,795-31-9017,"Unit 7765 Box 4964
DPO AE 37392",Y,hours
76,Stacy Johnson,088-03-3057,"491 Pearson Brooks
South Sarahport, SD 13351",Y,miles
77,Andrea Walker,700-82-0754,"395 Gonzales Drive
Walshburgh, AS 58877",N,hours
78,Anthony Campbell,597-91-8736,"47866 James Drives Apt. 582
Holdenberg, WI 60122",Y,miles
79,Randall Zimmerman,510-16-6757,"USCGC Myers
FPO AP 55707",Y,hours
80,Hunter Miller,248-39-0536,"8435 Sutton Station Apt. 843
West Darrell, DC 33824",Y,hours
81,Ronald Hansen,250-54-2156,"16767 Jacob Coves Apt. 221
West Jocelynside, ND 77494",N,hours
82,Sue Johnson,505-53-1963,"137 Rollins Spring
Lake Katherineburgh, SD 95596",Y,hours
83,Daniel Rose,612-15-0286,"929 Bradford Groves Suite 614
South Robert, NV 41919",N,hours
84,Brandon Gay,361-03-7223,"640 Lisa Fall
West Amber, GU 58445",N,miles
85,Teresa Knight,178-25-0765,"58906 Barajas Extensions
Dillonstad, WY 86731",Y,hours
86,Duane House,620-65-9648,"PSC 1916, Box 2606
APO AA 51725",N,miles
87,Angela Todd,056-04-4153,"53177 Todd Points Suite 131
Washingtonstad, IL 30822",Y,miles
88,Ann Powers,506-51-0478,"88820 Samantha Tunnel
Port Donburgh, AS 73885",Y,miles
89,Brittany Daugherty,215-72-6829,"576 Arellano Crescent
East Matthewburgh, MS 73776",Y,hours
90,Joseph Hampton,754-53-5298,"410 Edward Fields Apt. 326
Grahamfurt, DE 79807",Y,hours
91,Jon Brown,469-86-4719,"267 Brandon Route Suite 300
Lake Christopher, CA 52943",Y,miles
92,Jamie Walker,129-32-2033,"Unit 7660 Box 8320
DPO AA 89806",N,miles
93,Ashley Barnes,682-92-4684,"538 Mitchell Radial Apt. 902
Jessicatown, NJ 81203",Y,hours
94,Kevin Sandoval,591-41-9970,"740 Charles Well Apt. 338
Jonesmouth, IA 22082",N,hours
95,Erin Cox,473-24-1298,"USNV Velasquez
FPO AE 13935",Y,hours
96,Michael Jones,621-74-5877,"0351 Jones Islands Suite 370
Hardingport, IN 94081",N,hours
97,Annette Parker,833-51-7524,"483 Rachel Forges
West Gregoryborough, SC 08310",N,hours
98,Brittany Morris,041-71-3019,"8345 Maynard Summit
Grayton, IA 79182",N,miles
99,Judy Mays,855-22-0760,"6013 Susan Fords Suite 150
Pageton, ND 30605",N,hours
100,Amber Alvarado,422-04-8693,"99510 Jerry Turnpike Apt. 825
East Chelseyborough, NV 77725",N,miles
101,Michael Brown,819-73-7125,"60176 Johnson Junction Suite 036
Loriburgh, PA 68321",N,miles
102,Gerald Moyer,598-04-0079,"8891 Curtis Pike
Williamsberg, KY 25765",N,hours
103,Allison Murphy,136-16-6451,"1314 Mcneil Burg Suite 757
Paigefurt, WA 69369",N,miles
104,Kathryn Martin,150-66-2828,"86202 Patrick Track
Aaronburgh, MH 59921",N,miles
105,Daisy Brown,867-12-6928,"7125 Randolph Courts Suite 003
Millerside, IN 75832",Y,hours
106,Jessica Ruiz,280-15-5353,"0029 Samuel Lock Apt. 099
Port Christophershire, SC 58452",N,miles
107,Patrick Dean,592-75-2674,"3271 Nelson Green Apt. 698
Danielleberg, PW 58330",Y,miles
108,Angela Johnson,180-89-8120,"79431 Ann Trace Suite 400
Angelshire, VI 03324",N,miles
109,Tony Gardner,847-24-0497,"37770 Ochoa Trail
South Ashleybury, GA 96495",N,hours
110,Tonya Garcia,341-88-3138,"9268 Cohen Vista Suite 672
Jenniferhaven, CA 24833",Y,miles
111,Marcia Hernandez,199-15-9436,"75783 Gina Ways
West Lindsaystad, KY 37381",Y,miles
112,Dr. Paula Carpenter MD,063-54-3897,"1064 Robert Summit Apt. 116
South Kenneth, NM 25809",N,miles
113,Mr. Peter Curtis MD,169-05-3631,"312 Wilkins Mountain Apt. 548
Joneschester, ND 18066",Y,miles
114,Victoria Anderson,787-11-3944,"541 Donald Avenue Apt. 470
Gregoryville, UT 64668",Y,hours
115,Justin Pearson,202-09-8015,"0485 Lawrence Course
Lake Matthewborough, MD 71514",N,miles
116,Amber Cox,895-60-2230,"056 Tiffany Flat Apt. 330
New Anna, LA 02902",Y,miles
117,Sherry Bennett,069-99-2199,"3476 Brian Club Suite 156
Dustinton, VI 24825",N,miles
118,Steven Sharp,435-93-3687,"9953 Todd Fort Suite 220
South Isabellachester, VA 69546",Y,hours
119,Brittany Baker,868-23-2541,"9694 Wright Drive
Hudsonton, LA 31992",N,hours
120,Steven Lee,121-59-8882,"08279 Scott Mountains Apt. 415
South Janet, MT 59966",N,hours
121,Amanda Sullivan,452-27-2726,"72873 Glenn Spur
Andersonside, IL 53267",N,miles
122,Monica Castaneda,664-45-8964,"6479 Morton Orchard Suite 525
Brownville, WA 43283",N,miles
123,Lisa Burke,501-26-1405,"2429 Gilmore Track Apt. 500
Port Renee, IA 69587",N,miles
124,Susan Clark,389-16-9661,"506 Kristin Spring Apt. 392
Donchester, AZ 71422",Y,miles
125,Julie Berry,573-11-0831,"3682 Kelsey Road Apt. 928
Lake Juliastad, IA 45727",N,hours
126,Samantha Phillips,411-06-3694,"80874 Miller Mall Suite 217
North Alex, WY 83240",N,miles
127,John Thomas,846-22-8382,"927 Atkinson Loaf Suite 333
Kristineville, CT 31182",Y,hours
128,Lori Adams,020-11-8552,"760 Garcia Plain Apt. 548
Leroyport, MP 59464",Y,hours
129,Kelly Rodriguez,687-26-5864,"661 Bonnie Plain
Johnsonville, IN 94625",Y,miles
130,Leslie Harper,473-42-5020,"00244 Pierce Springs
Garyside, MN 83691",Y,miles
131,Matthew Paul,054-94-4311,"10120 Brown Trail
Wilkinstown, AZ 91981",Y,hours
132,Alicia Jones,130-98-8366,"3331 King Field Suite 839
Port Robertaburgh, ND 43621",N,hours
133,Lindsey Miller,258-31-8601,"52698 Anna Road
Olsenmouth, AS 87150",Y,hours
134,Deanna Wolf,844-33-5003,"7390 Vincent Views
Ericksonbury, MN 24818",Y,miles
135,Alyssa Mcintosh DDS,300-51-8293,"57415 Jenkins Loop Suite 381
Sullivanshire, AZ 73532",N,hours
136,Jennifer Clark,311-42-9911,"8816 Kent Knolls
Port Jameschester, MP 77844",N,miles
137,Pamela Williams,313-37-3908,"478 Hannah Lights Suite 397
Port Erik, NY 71098",N,hours
138,Mike Carter,688-89-0396,"5563 Robyn Drives
Cynthiaview, GA 86679",N,miles
139,Jeanette Morgan,854-26-3698,"1412 Dunn Drives
Port Kellymouth, SC 30568",Y,miles
140,Autumn Williams,562-82-8789,"USNS Wood
FPO AE 03331",N,miles
141,Jasmine Stephens,808-67-5798,"8970 Benjamin Viaduct
Sanderstown, SD 58456",N,miles
142,Angela Gutierrez,289-55-9499,"8154 Mark Vista Suite 029
Adamsstad, NE 21788",Y,miles
143,Derrick Levy,819-68-1599,"76585 Greene Throughway
Jeffreyborough, WY 79883",N,miles
144,Roberto King,859-72-2645,"23707 Stevens Causeway Suite 611
Lake Margaretton, VI 49839",N,hours
145,Scott Robinson,020-11-1322,"91206 Judy Trail
South Margaretfurt, NM 17860",Y,miles
146,Steven Brown,372-65-5092,"61017 Keith Keys
Robinsonhaven, RI 55714",Y,miles
147,Rodney Brown,782-69-4821,"9781 Angela Mount
Tranberg, AZ 83301",N,hours
148,Jeremy Baxter,013-16-1055,"52736 Angel Underpass Apt. 530
Steinfort, CT 70752",N,miles
149,Stephanie Mayo,168-58-1189,"1348 Alexander Orchard Apt. 484
North Christopher, WA 89145",Y,hours
150,Kristina Potter,294-54-6535,"564 Brianna Courts Apt. 920
New Nicolemouth, CO 25877",N,miles
151,Paula Owens,019-62-5808,"88354 Sharon Mews
Port Steven, RI 11478",N,miles
152,Jennifer Foster,266-59-0726,"82091 Ford Drive
Harveychester, AK 03459",N,hours
153,Tiffany Robinson,621-54-7575,"323 Mark Junctions
West Nancy, DC 16346",Y,hours
154,Vanessa Snyder,470-57-0273,"685 Nguyen Centers
Port Scottchester, TX 93122",Y,miles
155,Suzanne Dixon,115-30-4201,"70277 Jerome Run Apt. 207
Timothyland, MH 69803",N,hours
156,Anthony Sullivan,891-61-8040,"13618 Hogan Gateway Apt. 233
Brandystad, PR 27044",N,miles
157,Stephanie Meyer,661-71-3461,"30261 Ellen Plain Apt. 295
East Angela, FM 05600",Y,hours
158,Christopher Fields,204-45-6491,"165 Nelson Shore
New Noah, ID 64071",Y,miles
159,Norma Oneal,259-59-0863,"583 Robert Lakes Apt. 058
Mandyborough, MS 93534",N,hours
160,Michael Stewart,893-79-6530,"08801 Tina Junctions Suite 455
Castroville, MH 27058",N,hours
161,Susan Travis,141-40-4472,"6341 Kramer Knolls
South Kimberly, SC 57966",N,miles
162,Jessica Davenport,767-72-8996,"6257 Schneider Parks Apt. 729
Lake Scottport, MN 67549",Y,miles
163,Heather Weaver,363-64-9445,"3541 Craig Squares Suite 432
New Jefferyview, PA 80505",Y,miles
164,Thomas Patel,144-92-6892,"256 Amanda Crossroad
Pittmanberg, UT 08673",N,miles
165,Caitlin Decker,396-29-0376,"8008 Collin Stream
Birdshire, NY 68963",N,miles
166,Nancy Jensen,764-43-6163,"802 Cross Overpass Suite 087
Jaredview, MN 22873",Y,miles
167,Rachel Stone,733-59-5274,"6208 Shah Road
Stephaniefurt, ID 33775",N,miles
168,Dawn Miller,624-91-4379,"2067 White Valleys
Gregoryshire, AS 05058",N,hours
169,Sandra Stark,114-55-6833,"1524 Alexander Valleys
Dixonshire, FL 14298",N,hours
170,Mary Dunlap,259-70-7965,"7569 Anthony Forks Suite 874
North Marymouth, DE 43200",N,hours
171,Cory Ray,032-64-0594,"8400 Moran Gateway
Samanthafort, KY 69149",Y,hours
172,Jose Jones,247-11-3481,"5456 Vaughan Curve
Burnsstad, MS 36330",Y,hours
173,Charles Harris,751-81-1005,"6713 Williams Estate Apt. 846
Evansville, NM 43907",N,hours
174,Steven Smith,719-52-2514,"8994 Murphy Crescent
Port Sara, PW 51045",N,hours
175,Christopher James,251-64-8148,"57530 Riley Valleys Suite 089
South Kayla, WI 27303",N,miles
176,Matthew Nelson,837-20-7892,"809 Aguilar Squares Apt. 191
Matthewburgh, NY 75533",Y,miles
177,Mary Johnston,192-91-6892,"1317 Christy Manors Suite 419
Moranfurt, SC 49668",N,miles
178,Madison Allen,399-58-7548,"186 Lisa Skyway Suite 407
West Connie, VT 53622",N,hours
179,Susan Meza,717-48-8087,"73108 Andrew Trail
South Erin, MI 87258",N,miles
180,Ashley Morgan,253-35-4002,"496 Madison Prairie
Farmerfort, WY 15178",Y,hours
181,John Ramsey Jr.,368-72-0660,"43288 Bryan Prairie
Jordanbury, MI 95417",N,hours
182,Chelsea Johnson,113-41-9224,"072 Danny Trail Apt. 028
Bennettburgh, MS 62202",Y,hours
183,Micheal Carey,513-60-3151,"693 Baldwin Station
East Joseph, NE 64851",N,hours
184,Ruth Mejia,516-30-2960,"9306 Powell Inlet
East Brenda, UT 43517",Y,miles
185,Angela Sutton,865-46-5952,"57832 William Valley
East Jason, ND 78855",Y,miles
186,Gerald Davis,448-43-0626,"173 Steve Lock Suite 095
Carrollland, PA 20718",Y,miles
187,Gerald Roy,783-42-9243,"4467 Megan Street Apt. 420
New Maxwell, KY 79229",Y,miles
188,Curtis Kelly,369-49-3900,"798 Simpson Lodge
Markfurt, OH 80229",Y,miles
189,Luke Jones,550-07-0523,"0249 Lee Vista
Jennifershire, AS 29645",Y,miles
190,Luis Sawyer,284-49-1566,"98814 Meagan Lane
Phillipside, NM 50088",N,hours
191,Paul James,802-52-2488,"314 Reeves Corners Suite 036
Paulaborough, AZ 14868",Y,hours
192,Allen Ward,888-43-5311,"0500 James Port
North Kevinberg, TX 84671",N,miles
193,Brittany Rodriguez,506-99-5132,"740 Deleon Curve Suite 091
Lake Ianburgh, NE 40571",Y,hours
194,Gary Richmond,600-45-5359,"9777 Derrick Gardens Apt. 707
Thomasmouth, NE 16830",Y,hours
195,Crystal Bauer,348-13-3174,"48259 Susan Tunnel
Matthewbury, MS 83744",N,miles
196,Ashley Conley,667-66-9050,"525 Michael Mills Suite 227
Smithburgh, KS 16725",Y,hours
197,Cynthia Hayden,863-33-9617,"258 Hampton Mountains Apt. 538
Michaelhaven, DC 80492",N,miles
198,Samantha Wolfe,218-06-8893,"9097 Harrington Mountain Apt. 158
North Tammyland, PW 22604",N,hours
199,Tracy Sullivan,421-25-2388,"7611 Tucker Mountains Suite 288
East Anthonyberg, ME 44668",N,hours
200,Gina Clark,515-20-9044,"PSC 5264, Box 2409
APO AE 82456",Y,miles
201,Philip Stafford,583-90-4248,"965 Lori Highway
Lisastad, NC 94137",N,hours
202,Kimberly King,135-96-1552,"6354 Tonya Club Suite 813
Hernandezville, VI 20348",Y,miles
203,Ms. Marie Sandoval DDS,366-57-3688,"830 Billy Route
West Felicia, MN 97000",N,miles
204,Joshua Black,090-40-5913,"32420 French Square
Kentport, NC 55686",Y,hours
205,Luis Dudley,466-52-9132,"5568 Mason Radial
Wuton, MO 66892",N,miles
206,Scott Haney,122-23-9269,"106 Brian Cape Apt. 146
East Leslieborough, ME 16513",Y,hours
207,Christopher Craig,045-89-3341,"0811 Jennifer Hollow Suite 367
Kellyberg, MD 06965",N,miles
208,John Oconnell,506-24-9372,"90735 Sally Plains
Trevorhaven, NH 72837",Y,miles
209,Deborah Hancock,342-87-4932,"9132 Zuniga Fort Apt. 343
Jamesshire, PR 55320",Y,miles
210,Karen Anderson,279-78-7405,"577 Rodriguez Mountain Apt. 741
Conleyland, UT 50905",Y,hours
211,Marc Booth,137-22-3755,"435 Hansen Harbor Suite 777
Lake Kimberlyview, NC 88894",Y,hours
212,Corey Le,553-32-1618,"174 Alvarado Heights Suite 337
East Andreschester, KY 62637",Y,hours
213,Carmen Small,425-50-2872,"4562 Michelle Oval Suite 648
Russohaven, AZ 72416",N,miles
214,Kristen Wilson,081-93-1304,"3904 Evans Avenue Suite 901
Delgadofort, OK 71669",N,miles
215,Catherine Duarte,374-57-1995,"Unit 0843 Box 0930
DPO AE 18551",N,miles
216,Dr. Chelsea Bennett,083-12-8002,"2277 Barbara Dale Suite 349
New Hollymouth, MN 55614",Y,miles
217,Peter Obrien,802-85-8183,"5197 Joshua Trafficway Suite 397
East Kristinfurt, DE 48675",N,hours
218,Micheal Mathews,809-41-3488,"72205 Ramos Valley Apt. 700
Anthonyside, FM 22175",Y,miles
219,Todd Martinez,062-99-7906,"50230 Hubbard Course Suite 963
Parkerland, MN 02205",N,miles
220,Douglas Jones,584-10-6474,"19884 Giles Hollow Apt. 905
Rodriguezbury, ND 17756",Y,hours
221,Angela Koch,766-82-2269,"47014 Samantha Lock
Andersonstad, MP 45741",Y,miles
222,Crystal Lopez,015-25-9287,"238 Christopher Mall Apt. 174
New Julie, VT 66533",N,miles
223,Mark King,276-29-7504,"764 Mahoney Green
Mcintoshburgh, SD 23976",N,hours
224,Charles Garza,263-35-4609,"01429 Victoria Dam
Ortizfurt, AS 65219",Y,miles
225,Nicholas Lynn,103-20-2864,"6413 Christina Plain Apt. 365
Port Tammy, HI 37797",N,miles
226,Andrea Bennett,080-77-5109,"298 Tonya Valley
Taylorport, CO 80569",N,miles
227,Charles Bean,846-72-0774,"32546 Castro Run Apt. 540
New Christopher, CT 15624",N,miles
228,Michael Hernandez,817-96-4133,"8179 Brown Meadows Suite 330
East Amandaview, IL 21872",N,miles
229,Marc Torres,675-39-3393,"989 Christina Meadows
Lake Nathan, AS 95267",Y,hours
230,Ashley Beltran,427-71-0598,"76591 Anita Turnpike
Savagemouth, TX 38657",N,hours
231,Thomas Martin,618-52-7655,"4417 Brandon Dale
Geraldhaven, IA 34723",N,miles
232,Michael Cummings,516-72-0094,"36762 Emily Ridge
Shannonport, ID 93767",N,hours
233,Amy Ramirez,006-83-5045,"564 Christopher Drive Suite 117
Biancaland, RI 97243",N,hours
234,Micheal Davis,740-49-8464,"9040 Medina Circle
Davishaven, KY 45200",N,miles
235,Benjamin Bradley,387-37-8896,"70942 Christina Square Suite 230
North Anthony, IL 48185",Y,miles
236,Stacey Cook,880-96-6849,"93839 Brandt Inlet Suite 821
South Kathleen, CT 76034",N,miles
237,Robert Rivera,650-12-3175,"21611 Wilson Corner Suite 659
South Thomas, WI 67590",N,hours
238,Daniel Dawson,091-72-5788,"3384 Toni Bypass
Mullenland, GU 35782",N,hours
239,Steven Martin,787-16-7969,"699 Morris Garden
Nelsonburgh, NM 78947",N,miles
240,Jeremy Malone,631-23-7386,"79426 Mendoza Burg
Port Richardtown, LA 48808",Y,miles
241,Jacob Osborne,560-48-0341,"PSC 2162, Box 2999
APO AP 52903",Y,miles
242,Marc Randall,041-01-5469,"3856 Richard Mills Suite 326
North Ashleyhaven, AL 39259",N,miles
243,Jeremy Flores,599-92-3369,"3085 Curtis Ridges
Scotttown, IN 89054",Y,miles
244,Kristi Murphy,898-78-3284,"5465 Christopher Overpass
New Jamesport, MI 74433",N,miles
245,Rebecca Nunez,764-96-7311,"0785 Monroe Mountain Apt. 707
Stephaniechester, NE 06858",Y,hours
246,Shane Garcia,811-42-6348,"3918 White Track
Hopkinsborough, FM 34773",N,miles
247,Nicole Barnes,061-12-4502,"55099 Michelle Ranch
Mcknighttown, OR 49122",N,miles
248,Patrick Spencer,185-37-5026,"7319 Bruce Roads
North Jacob, VT 09542",Y,hours
249,Richard Richards,338-32-7735,"4910 Julia Mission
New Rebeccachester, AS 92807",Y,miles
250,Paul Johnston,625-13-5610,"8878 Jeremy Spring Suite 189
North Edward, OH 16724",Y,miles
251,Julia Bray,424-47-3071,"25352 Oneal Square
Gonzalezfort, RI 99611",N,miles
252,Bianca Hurley,511-06-8758,"697 Heather Stravenue Apt. 884
Karaville, NJ 75423",N,hours
253,Jason Barnes,846-01-0120,"2853 Daniel Trail
North Donnaborough, WY 39701",N,miles
254,Frank Lyons,041-07-3884,"882 Kelly Port
Romanfurt, VI 65333",Y,hours
255,David Barnes,092-57-0715,"370 Alan Dale Apt. 216
New Michelle, AK 02277",N,hours
256,Heather David,618-37-3844,"191 Kyle Green
Brianfurt, PA 22665",N,hours
257,Alexandria Love,307-30-8720,"145 Michael Parkways Suite 146
Chrisland, CA 16505",N,miles
258,Gabriela Scott,128-98-0357,"5984 Roman Club
Port Deannaville, AL 62945",N,miles
259,Sarah Barnes,519-19-2581,"0862 Larsen Trace Suite 129
Kathyshire, OR 30146",N,hours
260,Andrew Miller,037-56-8826,"5217 William Center
Harrischester, NJ 24398",Y,hours
261,Andrew Ford,670-82-3340,"50632 Timothy Via
Garciaside, NE 72430",N,hours
262,Angela Pearson,398-77-9271,"2024 Freeman Stream Apt. 634
Port David, FL 52652",N,hours
263,Joshua West,747-10-9003,"0957 Ethan Square
South Brianmouth, SD 30389",N,miles
264,Tracy Larsen,447-90-0013,"1228 Justin Locks Apt. 998
Kimberlyton, CO 20634",N,hours
265,Jenny Cook,521-91-7392,"4919 Chase Turnpike
Moodymouth, AZ 85131",Y,hours
266,Tyler Williams,408-21-2917,"52258 Bolton Light
New Christinehaven, NH 93297",N,hours
267,Michael Delgado,350-36-8901,"908 Chad Wells
West Lindsayfort, AK 46433",Y,miles
268,Noah Beck,864-83-3858,"44432 Alan Roads
Rodriguezton, TN 62931",Y,miles
269,Tammy Hampton,896-12-1003,"65010 Rodgers Square Apt. 883
Port Danielside, AR 19530",Y,hours
270,Danielle Morales,220-33-6328,"8726 Scott Locks
South James, DE 92760",Y,hours
271,Courtney Strong,714-13-9626,"9444 James Court Apt. 170
North Cathyfurt, AR 60993",N,hours
272,Charles Buck,577-10-7060,"635 Eric Road
Johnsontown, MI 13773",Y,hours
273,Mark Bell,684-52-3175,"7913 Rodriguez Tunnel
Burtonburgh, IA 64544",Y,miles
274,Kirsten Lewis,440-50-2095,"128 Guerrero Mountains
Lake Kathrynbury, PW 24918",Y,hours
275,Taylor Sanchez,456-85-2151,"819 White Road Apt. 961
East Mark, VI 12515",Y,miles
276,John Stevens,496-74-0167,"656 Vega Track Apt. 857
Port James, AL 14804",N,miles
277,Erica Johnson,047-62-4901,"341 Phillips Crescent Suite 874
Maryland, MN 32816",N,miles
278,Isabel Soto,616-13-0969,"Unit 3076 Box 6685
DPO AA 53075",N,miles
279,Christopher Morris,746-77-0772,"USCGC Conley
FPO AP 84793",Y,hours
280,Mary Smith,074-17-9180,"52939 Wayne Ramp
Juliechester, NM 32155",Y,miles
281,Carla Wheeler,750-47-5319,"USS Cooper
FPO AA 47175",N,hours
282,Michele Li,773-66-0374,"756 Katherine Burg Suite 231
Jonathanview, VA 46955",Y,hours
283,Terri Parks,753-97-0150,"534 Reyes Mills
Mariachester, CO 40690",N,hours
284,Richard Martin,223-36-9647,"504 Medina Crescent
Stewartton, OH 69890",N,hours
285,Laura Parker,269-90-4905,"182 Tamara Meadow
Port Melissaland, DE 58997",Y,miles
286,Angela Stephens,012-01-0219,"0411 Thomas Plains Apt. 374
North Blakeborough, ID 87303",N,miles
287,Steven Oconnor,850-84-5156,"00962 Ford Haven
Lake David, AL 48603",Y,miles
288,John Shaw,090-38-1551,"19223 Murphy Overpass
Knightmouth, KS 04526",N,hours
289,Brian Hurst,234-75-9155,"7249 Jeffrey Spring Apt. 877
Burchstad, TN 12998",Y,hours
290,Jennifer Pruitt,460-52-2248,"40204 Maria Field Apt. 666
East Deborah, CA 94385",Y,miles
291,Michelle Evans,169-83-6488,"727 Faulkner Forest Suite 918
Jeffreyberg, CO 61752",Y,miles
292,Nicole Erickson,512-13-8689,"645 Ryan Throughway Apt. 501
West Taylor, IA 81170",N,miles
293,Joel Sanders,249-94-4013,"4009 Marisa Crest Apt. 528
Andrewstad, IN 82589",N,miles
294,Jennifer Williams,032-25-1364,"702 Mcknight Meadows Suite 506
South Mark, MH 81636",Y,hours
295,Dr. Brandy Burns,122-43-5864,"35491 Alec Stravenue
West Marthafurt, VA 09903",Y,miles
296,Jack Young,080-02-4283,"3719 Lori Road
New Bonnie, OR 52468",N,hours
297,Lisa Kelly,230-37-2941,"0987 Kenneth Prairie Apt. 932
North Jenniferstad, NE 53686",Y,miles
298,Johnathan Hayden,371-71-7322,"366 Barrera Mill Suite 745
Sotofurt, WV 06421",N,hours
299,Ashley Flores,555-97-8141,"5628 Melissa Ridge
Jayland, UT 60725",N,hours
300,Michael Mcdonald,423-51-3175,"530 Jackson Drive Apt. 103
South Lauramouth, NE 03958",Y,miles
301,Anthony Sherman,200-23-9090,"8296 Misty Summit Apt. 994
Port Angelaview, GA 40832",Y,hours
302,Toni Collins,625-70-1733,"Unit 9539 Box 1877
DPO AP 94857",N,hours
303,Jason Mcknight,295-94-9225,"395 Weaver Creek Apt. 589
East Amyport, IN 47836",N,hours
304,Daniel Fields,379-79-4095,"27228 Sanchez Lights
Lake Anthony, WV 41844",Y,miles
305,Debra Williams,517-61-7108,"77164 Daniel Centers
Nashhaven, MA 51062",N,miles
306,Kimberly King,840-18-6381,"2799 Snyder Unions Apt. 584
Fisherberg, GA 98793",Y,miles
307,Henry Porter,625-99-5739,"04944 Randall Coves Suite 056
Ericton, MN 98367",Y,miles
308,Brandi Cochran,775-16-9887,"2163 Dylan Ridges
Matthewsside, WI 79518",Y,hours
309,Christine Taylor,182-01-1701,"0592 Patton Mountain
North Jenniferstad, IN 99132",N,hours
310,Stephanie Villanueva,009-67-7597,"7482 David Mountains
North Tonymouth, GU 16979",Y,hours
311,Joseph Lewis,626-55-6594,"20129 Angela Loaf Suite 733
Acevedoside, VT 42532",Y,miles
312,Michael Davis,775-09-8671,"3211 Keller River
Garciamouth, KS 57208",N,miles
313,Kathleen Smith,118-06-9078,"897 Richardson Flat Apt. 376
Williammouth, GA 30682",N,miles
314,Patricia Randolph,200-71-3466,"590 Rodgers Trail
Amyfort, OH 92537",Y,miles
315,Andrew Reese,466-91-6937,"39870 Rose Circles Apt. 420
Amberhaven, IL 61682",N,hours
316,Juan Ellis,551-69-3115,"429 Kyle Fields Suite 975
Port Joy, AL 37536",N,hours
317,David Fields,683-39-0094,"Unit 4084 Box 5103
DPO AP 56541",Y,miles
318,Kevin Walker,495-81-2895,"9941 Zuniga Spring Apt. 139
Amyfurt, NM 93658",N,hours
319,Dale Gonzales,318-32-6768,"6921 Jones Islands
Lake Geoffreyburgh, UT 61586",N,miles
320,Amanda Alvarez,346-14-2315,"882 Lopez Parkway Apt. 766
North Katrinahaven, TN 32363",Y,hours
321,Elizabeth Stafford,110-14-3790,"USS Simmons
FPO AE 69597",N,hours
322,Jacob Carter,426-83-1177,"1133 Maldonado Causeway
Townsendport, MI 08973",Y,miles
323,Samuel Bruce,425-95-0246,"Unit 3204 Box 6512
DPO AP 02241",Y,miles
324,Melissa Higgins,524-89-4992,"7728 Lara Hills
Daniellehaven, PA 86159",N,hours
325,Allen Garcia,861-49-2735,"24605 Cook Way Apt. 190
West James, VA 90611",N,hours
326,Karla Dougherty,338-28-7500,"816 Gillespie Wells Apt. 097
Port Cynthia, MS 56146",N,hours
327,Melvin Schwartz,846-06-8006,"20734 Marissa Highway Apt. 531
North Cameron, MA 57777",N,miles
328,Christina Weaver MD,186-32-9153,"085 Kevin Prairie
West Robertshire, LA 24594",Y,hours
329,Arthur Moore,351-87-1135,"555 William Keys
Jamesburgh, FM 37003",N,hours
330,Maria Becker,665-51-4922,"418 Douglas Lake
South Mercedesburgh, NV 41817",N,hours
331,Lisa Knight,175-96-1617,"53391 Cline Fields
Carterside, VI 23640",N,miles
332,Monica Johnson,228-85-7444,"46907 Cardenas Brook
East Frederick, IA 03135",N,miles
333,Aaron Joseph,127-73-1682,"65545 Murphy Forks Suite 205
Port Dustinshire, MT 24813",N,hours
334,Christopher Wiley,328-74-4808,"206 Angela Bypass Apt. 084
South Thomaschester, GA 47208",N,miles
335,Nicholas Deleon,479-52-7346,"30903 Bryan Locks
Foxland, VT 87866",N,miles
336,Lisa Hughes,051-24-7056,"276 Meadows Parkway Apt. 984
Port Dannyberg, ME 77302",Y,miles
337,Shannon Robbins,198-82-3744,"23931 Martinez Rapid
Geraldburgh, OR 06757",Y,hours
338,Taylor Black,675-93-1493,"5651 Christopher Forge Suite 279
Port Adrianmouth, NY 92771",Y,hours
339,Dennis Hall,711-98-9932,"903 Kayla Tunnel
Saramouth, AR 75659",Y,hours
340,Samantha Thomas,489-28-7633,"PSC 0699, Box 3382
APO AP 20598",Y,hours
341,Steven Gonzalez,203-26-8027,"597 Riley Canyon
West Nancyland, AL 67273",N,hours
342,Robert Warner,024-01-9151,"62025 Samantha Plaza Suite 003
Lake Bobby, TX 25628",Y,miles
343,Casey Bond,013-85-2654,"4568 Ashlee Shoals Suite 841
Greenmouth, ID 46093",N,hours
344,Stephanie Sutton,088-73-3663,"56333 Hebert Summit Apt. 282
South Sandraborough, DE 54671",Y,miles
345,Michael Sanchez,128-80-6695,"8592 Steven Row
West Victoria, AK 54667",Y,hours
346,Makayla Hoffman,338-30-9908,"93711 Anthony Fork Suite 241
Port Dominic, PA 62132",Y,miles
347,Eric Ruiz,752-81-0801,"1199 Howard Rapid
Port Keith, WA 97162",N,miles
348,Jacob Johnson,279-09-2585,"2639 Smith Summit Suite 706
South Rodney, IL 35862",Y,miles
349,Thomas Rhodes,450-09-4265,"6375 Jessica Stravenue
Charlesside, WI 72973",Y,hours
350,Katherine Delacruz,482-41-8135,"8095 Huff Camp Suite 100
West Lisa, OR 29644",Y,miles
351,Mr. Michael Morgan MD,303-51-0388,"711 Heather Lakes
East Ruth, MO 72484",Y,miles
352,Anne Bennett,425-67-4132,"537 Michael Via
Timothyborough, TN 32593",N,miles
353,Anna Nicholson,423-23-7710,"50860 Reid Squares Apt. 995
Port Tonymouth, TX 93957",Y,hours
354,Rebecca Glass,520-35-9751,"038 Eric Stravenue
Port Josephmouth, NE 90258",N,hours
355,Paul Johnston,827-24-7842,"2902 Jeffrey Circle
Wilsonshire, HI 43964",Y,miles
356,Judy Allen,880-64-8557,"35112 Tara Drives Apt. 906
Lake Deniseville, IL 93034",N,hours
357,Darren Dillon,812-01-9413,"7649 Bailey Orchard
Hortonburgh, OR 04083",N,hours
358,Jeffrey Mccarthy,563-69-0330,"35339 Deborah Tunnel
Lake Andrea, NE 59915",Y,hours
359,Edward Lawrence,208-26-9910,"23229 Jones River Apt. 857
West Stevenfurt, IN 67764",N,miles
360,James Edwards,078-70-9229,"9502 Cynthia Curve
Alexandrialand, WV 77021",Y,miles
361,George Johnson,533-82-4975,"USCGC Rich
FPO AP 85149",N,miles
362,Joel Blake,165-67-2673,"Unit 3329 Box 3919
DPO AP 68095",Y,hours
363,Thomas Reynolds,527-15-7423,"244 Brandon Corner
North Bradley, NY 24307",Y,miles
364,Laura Brown,241-67-9662,"476 Daniel Overpass Suite 743
Port Robinburgh, WV 49038",Y,hours
365,Margaret Herrera DVM,015-23-3722,"540 Shirley Shore
North Joseph, GU 66172",Y,hours
366,Joshua Mcgee,191-79-1596,"496 Lee Locks
Harveymouth, VT 81808",Y,miles
367,Cheryl Martinez,837-40-8241,"0292 Wilson Shore Suite 176
North Colin, RI 50015",Y,miles
368,Kristin Pham,566-91-0109,"1528 Melissa Plaza Apt. 575
Kathleentown, NJ 74743",Y,miles
369,Kenneth Grant,837-24-8099,"9542 Gerald Greens Suite 153
Campbellside, DE 37312",Y,miles
370,Robert Morton,699-16-3089,"Unit 0683 Box 5235
DPO AP 07529",N,hours
371,Rebekah Wilson,777-04-0392,"234 Roger Landing Apt. 299
Vasquezfurt, NV 66883",N,hours
372,Douglas Douglas,062-92-6275,"81891 Gregg Way Apt. 809
Pattersonhaven, VT 88988",N,hours
373,Christopher Miranda,798-97-9809,"34854 Calvin Cove
Wesleyburgh, MA 48445",Y,hours
374,Taylor Garcia,737-27-6197,"429 Kevin Place Suite 841
Sanchezshire, AZ 44179",N,miles
375,James Pham,469-06-7937,"PSC 4158, Box 9400
APO AA 95778",Y,hours
376,Alan Smith,138-69-8642,"0674 Rodriguez Ville Suite 496
New Erinton, OH 72541",N,miles
377,Briana Nguyen,788-33-5810,"0527 Crystal Inlet
Allenville, NM 04743",Y,hours
378,Kristina Frederick,231-75-5616,"62898 Ronald Trace Suite 925
Julieburgh, WY 08409",N,hours
379,Denise Bradley,312-50-5530,"624 Williams Lane
Lake Coreymouth, MP 37823",Y,miles
380,Christopher Townsend,116-28-2513,"0649 Joseph Motorway Suite 764
New Kimberlyport, HI 60692",Y,hours
381,Patrick Alvarado,726-81-4565,"8438 Flores Mountains
South Williamville, NJ 22175",Y,hours
382,Edward Case,352-23-9064,"72219 Miranda Drives
New Cherylberg, MT 92370",Y,hours
383,William Bowen,302-45-1282,"2810 Hicks Club Apt. 189
Christinamouth, MN 35076",N,miles
384,George Shepherd,796-59-3897,"146 Brenda Island Apt. 592
Port Sandraview, IA 42799",N,miles
385,Deborah Carson,665-21-8722,"154 Joshua Walk
North Gary, NH 78377",N,hours
386,Thomas Massey,161-38-7682,"460 Erickson Shore
East Kevin, SD 73162",Y,miles
387,Jeffrey Perkins,184-27-0833,"18745 Hernandez Knolls
Wallaceton, WA 87144",N,hours
388,Nicholas Miller,800-54-1063,"983 Ashley Summit
Lake Reginald, LA 59586",Y,hours
389,Patrick Dunn,421-46-2355,"5102 Bruce Drive Suite 920
Rodriguezville, NY 03848",Y,hours
390,Gabrielle Snow,584-60-3727,"33065 Lee Pass
Jonesview, VI 23232",Y,hours
391,John Walsh,889-73-6634,"182 Justin Cape Apt. 330
Port Jose, AL 89445",N,miles
392,Kelsey Green,335-55-5608,"9459 Barnes Crescent
Port Lauraberg, WI 54110",Y,miles
393,Kristin Moss,223-14-4804,"45586 Sarah Burgs Apt. 726
Johnstad, MP 92323",Y,miles
394,David Key,350-68-0522,"5960 Peterson Vista Suite 933
Lake Brandonburgh, MD 12658",Y,miles
395,Elizabeth Edwards,101-99-8789,"8435 Amy Manor Suite 699
New Nathanhaven, OK 06199",Y,hours
396,Jacob Payne,731-37-3414,"8052 Gregory Lodge Suite 563
Angelastad, NH 81075",N,hours
397,Michael Ramirez,188-84-3861,"43056 Travis Mount Apt. 037
Lake Steven, WI 78023",Y,miles
398,Karen Martin,609-13-9159,"178 Debbie Ports
West Joseph, DE 60367",N,miles
399,Cynthia Morrison,080-18-0840,"8973 Lewis Underpass Suite 880
Shelleyview, MO 85841",N,miles
400,David Robinson,611-34-9134,"51764 Jones Fords Apt. 908
Alanmouth, WA 24876",Y,miles
401,James Petersen,189-75-1074,"945 Ryan Centers Apt. 268
New Adrianbury, PW 55449",N,hours
402,Matthew Higgins,549-59-2868,"66375 Mark Hills
Marystad, MD 78984",N,miles
403,Shannon Haas,805-72-2262,"55878 Kathy Causeway
Lake Paul, CT 88307",Y,hours
404,Thomas Chang,620-26-4181,"9338 Austin Corners Apt. 832
Lake Terrence, HI 17189",N,hours
405,David Walker,143-05-6410,"975 Leach Ferry
East Williamview, MP 28906",N,hours
406,Michelle Taylor,505-92-3386,"14719 Pearson Vista
North Shelbyport, MT 90324",N,miles
407,Mary Collins,417-07-7446,"9117 Ward Plaza
New Robert, ND 10342",Y,miles
408,Tammy Carroll,226-18-3275,"531 Duncan Greens
Mirandabury, MN 65306",N,hours
409,Antonio Case,721-69-5904,"8017 Matthew Causeway
South Samuel, VT 59733",N,miles
410,Barbara Strickland,409-48-8539,"40268 Armstrong Summit
Danielburgh, WV 53990",Y,miles
411,Gerald Woods,347-04-5855,"466 Taylor Shoals
Virginiaborough, AR 04509",Y,hours
412,Christopher Collins,443-03-2272,"486 Antonio Extensions Apt. 910
Stephenton, SD 84568",Y,miles
413,Dustin Andrews,839-06-3330,"USNV Reilly
FPO AA 88915",N,hours
414,Melanie Boyd,185-05-2627,"23460 Eric Divide
Jamesland, MO 50526",Y,hours
415,Debra Harris,817-21-4238,"25393 Tucker Keys
Garnerton, MI 18619",Y,hours
416,Bianca Miller,225-70-4640,"033 Brady Plains Suite 316
Schwartzview, VT 37368",N,hours
417,Ms. Brandy Reid DVM,810-32-3437,"3557 Todd Stravenue
Port Jacquelineburgh, AK 53217",N,hours
418,Michael Perez,767-03-3193,"461 Edward Landing
East Valerie, SD 24456",Y,miles
419,Catherine Rogers,737-25-8298,"576 Emily Vista
New Susan, NJ 44367",Y,miles
420,David Ruiz,122-12-3517,"14509 Brenda Plain
North April, ME 73016",N,hours
421,Jason Jimenez,135-83-8252,"7456 Krista Heights
Montgomeryborough, CO 38897",N,miles
422,Laura Allen,229-60-8055,"999 Guerrero Hollow
South Samantha, RI 57932",Y,hours
423,Holly Collins,465-84-9270,"590 Jackson Ford Suite 462
Meyersfurt, NJ 53719",Y,miles
424,Sylvia White,407-29-2171,"3623 Wilson Ford Apt. 753
Jamesberg, FL 70198",Y,miles
425,Hector Young,469-94-5811,"PSC 3450, Box 3295
APO AP 08528",N,miles
426,Michael Chavez,879-12-8345,"0870 William Vista
Taraberg, DC 08270",N,hours
427,Veronica Foster,531-39-1180,"650 Jennifer Brook Apt. 605
Cummingsside, TN 02963",N,hours
428,Robert Hernandez,767-84-5851,"Unit 4106 Box 0971
DPO AE 51495",Y,miles
429,Jennifer Coleman,283-32-6620,"005 Miller Ramp Suite 458
Martinmouth, MT 77770",Y,hours
430,James Gibbs,198-27-7894,"Unit 9897 Box 2191
DPO AP 64415",N,hours
431,Adam Singleton,197-72-1984,"USNS Anderson
FPO AE 89940",N,hours
432,Christine Williams,215-50-9286,"4457 William Mission Apt. 053
West Ericborough, GA 13862",Y,miles
433,Eric Richardson,158-11-5064,"5513 Johnny Estate Suite 633
Pughport, IA 91772",N,miles
434,Jared Wang,530-20-6177,"7756 Simpson Forges Apt. 246
South Maryfurt, NJ 96743",Y,hours
435,John Evans,154-21-8703,"2511 Sandra Radial Suite 639
Fitzgeraldburgh, NY 69728",Y,miles
436,Chase Moreno,784-06-0483,"0456 Watkins Springs
West Nathanmouth, CA 29260",Y,miles
437,Lindsay Adams,168-31-4475,"13387 Bailey Ridge Apt. 170
East Benjaminfort, AK 41670",N,hours
438,Brett Flynn,731-92-1852,"02750 Rivers Hills Suite 179
North Danielleburgh, OK 85509",Y,miles
439,Evan Swanson,354-06-9284,"0457 Burke Point Apt. 656
Port Miguel, IL 94512",Y,hours
440,Andrea Brown,152-89-0660,"3701 Pamela Walk Apt. 555
East Diane, IL 42436",Y,hours
441,Amanda Costa,639-13-1800,"5989 Teresa Cliffs Suite 315
Jonesmouth, HI 45559",Y,miles
442,Linda Reeves,272-14-5018,"39523 Pollard Street Suite 845
Danielchester, IL 13688",N,hours
443,Ralph Jimenez,524-04-7115,"15876 Kirby Viaduct
Markbury, SC 47825",Y,miles
444,Lee Rivera,296-74-6317,"334 Sims Islands Apt. 284
Matthewtown, MH 47783",Y,miles
445,Lori Smith,546-06-2851,"4189 Sarah Port
Boyerborough, KY 57363",N,miles
446,Andre Montoya,334-16-3966,"648 Moreno Mission Apt. 135
Deborahport, SC 04758",Y,hours
447,Karen Thomas,385-14-3677,"2887 Colin Forges Suite 693
New Lindsey, NY 26038",Y,hours
448,Nancy Jones,804-47-6145,"6809 Morris Alley
East Mary, AZ 72315",Y,hours
449,Rose Robles,131-22-4075,"77102 Herrera Mount Apt. 361
Huffton, PA 97563",Y,hours
450,Rachel Schwartz,604-91-6396,"8077 Robinson Centers
South Eric, NE 25456",N,miles
451,Amanda Cox,295-15-4961,"72326 Jason Circles
Joshuatown, SC 73451",N,miles
452,Shelly Hernandez,007-90-4341,"96876 Day Trafficway Apt. 185
Prattburgh, WI 74133",N,miles
453,Mark Brock,763-52-2819,"9816 Johns Glen Apt. 625
West Cherylhaven, KS 89632",N,miles
454,Robert Williams,168-77-5579,"8613 Patrick Turnpike
Gregorymouth, MH 65854",Y,miles
455,Jerry Green,698-07-6795,"054 Hull Pine
Chadborough, GU 21293",N,miles
456,Lisa Cole,093-66-4898,"0797 Ryan Rue Apt. 175
West Julie, OR 05784",N,hours
457,Randy Gonzalez,606-73-9843,"3544 Evans Skyway
Nixonbury, MT 74109",Y,miles
458,Ryan Ball,570-46-8241,"755 Craig Circles Suite 064
Jonesfurt, AS 10476",N,miles
459,Jasmine Taylor,284-57-1016,"686 Perez Springs
Johnstonshire, MO 54560",N,hours
460,John Clark,036-67-9846,"8400 Rebecca Stravenue Apt. 066
Simonmouth, MH 77420",N,hours
461,Pamela Trujillo,006-48-0040,"59659 Rivera Hills Apt. 484
Port Victoriamouth, NY 40601",Y,miles
462,Anna Hall,145-47-0685,"3369 Crystal Run Suite 786
Lake Natalie, AZ 43216",N,miles
463,Brandon Greene,373-85-2846,"PSC 5960, Box 5736
APO AE 40077",N,hours
464,Amanda Glover,109-92-7591,"736 Whitney Plains Suite 326
Davidsonstad, FL 10077",Y,hours
465,Holly Caldwell,644-55-2579,"5089 Smith Summit Suite 130
Port Jennifer, NM 42668",Y,miles
466,Jeffrey Carter,451-78-9108,"Unit 6783 Box 5357
DPO AE 80237",N,miles
467,Linda Garcia,857-80-4941,"837 Garcia Trafficway
East Alyssahaven, KS 79033",Y,miles
468,Jared Martinez,347-27-9008,"USS Todd
FPO AA 76288",N,miles
469,Elizabeth Thompson,467-58-4771,"9243 Matthew Inlet Apt. 484
Port Javier, AS 80180",Y,hours
470,Thomas Green,293-29-5868,"4103 Cynthia Inlet
Brooksburgh, VT 81147",Y,hours
471,Pamela Craig,706-97-7677,"08294 Adrian Wall Apt. 895
New Timothybury, WV 11385",Y,hours
472,Donald Wright,315-88-8662,"970 Paul Heights Suite 149
Gomezport, MS 44934",Y,hours
473,Anna Franklin,039-40-2874,"784 White Drive
South Danny, CT 10269",Y,miles
474,Kathy Foster,247-31-2523,"7226 Crawford Creek
Christopherview, CA 41721",Y,hours
475,Sophia Brown,310-70-2614,"922 Allen Knoll Suite 846
South Ricardo, NM 62879",N,hours
476,Lindsey Wallace,426-31-7078,"557 Lee Streets Apt. 052
Andreachester, NY 02120",Y,miles
477,Dennis Snyder,479-11-5922,"5250 Linda Turnpike
Moralesstad, PA 61825",N,hours
478,Cassandra Santos,097-08-9766,"79562 Philip Gardens
Hamiltonhaven, OH 09161",N,miles
479,Jack Berry,336-17-5141,"8496 James Walk
North Rebeccamouth, OK 84527",N,miles
480,Holly Garcia,851-27-1493,"1830 David Track
Jonathanbury, MS 62474",Y,hours
481,Patrick Deleon,492-04-3510,"8106 Scott Islands
Cardenashaven, FL 87532",Y,hours
482,Rodney Jones,294-44-2298,"1670 Brooks Mill Apt. 553
West Tylerside, ID 75670",Y,hours
483,Susan Estrada,251-26-4858,"Unit 9044 Box 1304
DPO AP 33418",N,hours
484,Dawn Ochoa,588-15-4390,"175 Vasquez Crossroad
Port Anthonyside, IL 01851",Y,miles
485,Sarah Thomas,401-87-3742,"075 Kathryn Underpass
West Keithmouth, GU 22239",Y,miles
486,Andrea Hernandez,215-49-1960,"845 Donna Port
South Haroldbury, NC 13373",Y,miles
487,Monica Shaffer,782-63-4102,"764 Nash Pines
Colechester, CA 83095",Y,miles
488,Alicia White,290-92-8873,"116 Townsend Fork
Port Timothybury, GA 04978",Y,miles
489,Jesse Taylor,422-94-4393,"7466 Hunt Squares Suite 718
West Darlene, MH 16021",Y,miles
490,Donald Smith,874-35-2157,"475 Anderson Trafficway Apt. 966
South Christopher, CT 95930",Y,hours
491,Mr. Jeremiah Liu,250-14-0597,"430 Dawson Trace Suite 741
Whitehaven, AK 72957",Y,miles
492,Rebecca Johnson DVM,435-69-2780,"Unit 4235 Box 9067
DPO AA 00586",N,hours
493,Alvin Ruiz,308-51-4543,"634 Scott Course
Mcdonaldfurt, WI 15826",N,hours
494,Diana Gallagher,591-69-4330,"45626 Ramos Way Suite 475
Greeneport, MH 91526",N,hours
495,Robert Everett,396-40-6501,"27506 Jennifer Lock Apt. 725
Wheelerside, ID 83255",Y,hours
496,Luis Harris,650-83-2355,"Unit 9563 Box 4915
DPO AE 49412",N,miles
497,Theodore Warner,429-32-0413,"0673 Brady Square
New Nicholasside, MO 61844",N,miles
498,Megan Dalton,511-99-6527,"546 Rachel Hills Suite 209
Jacksonport, AL 56752",N,miles
499,Robin Hayes,744-93-6509,"923 Kelly Station Apt. 922
South Kathrynport, HI 20914",N,miles
500,Marcus Morris,830-75-3798,"10338 Christopher Keys Apt. 157
Villabury, AR 57593",Y,hours
501,Timothy Moore,280-08-5696,"USCGC Taylor
FPO AA 13975",Y,miles
502,Gregory Curtis,527-51-1940,"978 Jonathan Lock Suite 429
East Matthewside, MN 00532",N,miles
503,Anthony Rogers,327-01-1068,"401 Vance Passage Suite 771
Port Jessicaport, OK 10892",Y,miles
504,Karen Carter,893-16-9637,"407 Smith View
Dunnborough, ID 67617",N,miles
505,Edwin Rose,138-97-3724,"99715 Melissa Viaduct
New Mark, TN 39164",N,miles
506,Henry Taylor,262-76-9062,"9554 Jessica Burg Suite 351
Port Sarahshire, OH 73538",Y,miles
507,Jacob Rodriguez,338-62-1144,"3155 Brenda Hollow
Lake Brendachester, WA 54891",N,hours
508,Kristina Weaver,589-22-1378,"34382 Eric Islands Suite 709
Olsonmouth, MH 77011",N,miles
509,Charles Johnson,347-41-9707,"622 James Flats Apt. 229
Sabrinaland, SD 19181",Y,miles
510,Carl Cruz,501-58-4589,"88522 Andrea Circle
South Erinmouth, SD 87555",Y,hours
511,Kyle Montoya,293-77-2106,"1571 Carter Throughway Apt. 929
South Dustinberg, WY 70483",N,miles
512,Paul Rodriguez,021-89-9661,"44173 Christy Stream Apt. 391
Mcdonaldmouth, LA 85802",Y,miles
513,Joy Mills,600-34-3036,"46850 Roberts Loop Suite 853
Scottborough, IL 75973",Y,miles
514,Maria Hernandez,770-71-4271,"64977 Stokes Valley Suite 672
Jillview, CA 23329",Y,miles
515,Joshua Marquez,192-78-2105,"724 Daniel Squares
North Sharonmouth, NJ 32627",N,hours
516,Brenda Mccall,041-15-5880,"30305 Sue Islands
Nicolebury, PA 31307",Y,miles
517,Sara Simon,241-91-0742,"3148 Laurie Squares
Lake Kristen, AL 65720",Y,hours
518,Michael Waters,805-39-7542,"797 Davis Burg Apt. 302
Ashleyside, GU 02304",N,miles
519,Sophia Mclaughlin,495-13-4534,"939 Young Knoll
Montoyabury, WA 35508",N,miles
520,Antonio Edwards,753-50-2386,"731 Nathan Rapids
South Christian, KS 64411",Y,hours
521,Dana Hester,060-15-5809,"34919 Christopher Green
Jacksonview, NJ 01280",Y,hours
522,Gary Adams,181-59-3775,"1564 Patrick Junction Apt. 661
West Danielborough, WV 85840",N,miles
523,Erik Gregory,743-50-1762,"42799 Ronald Track
Schwartzton, PA 81074",Y,miles
524,Ronald Hubbard,091-63-8154,"55003 James Land Apt. 382
New Rhondamouth, OH 69483",Y,miles
525,Matthew Phillips,106-98-4781,"4058 Sharon Underpass
Geoffreytown, HI 64261",N,hours
526,Erika Ellis,230-70-6439,"640 Hannah Villages
Paulaburgh, WV 55349",N,hours
527,Debra Gibson,401-45-1915,"PSC 8793, Box 4527
APO AP 72412",Y,hours
528,Willie Weber,107-47-3472,"91658 Aguilar Bridge
New Michelle, CT 18016",N,miles
529,Brady Dalton,117-21-5481,"6410 William Dam
Randallfort, KS 45889",N,miles
530,Cynthia Robles,576-94-6578,"64511 Richard Spring Apt. 072
North Nancy, AL 26891",Y,miles
531,Lori Williams,700-17-4331,"9508 Young Square
Lake Katie, WY 97863",N,hours
532,Martin Rhodes,785-62-7225,"14367 Nicholas Keys Apt. 099
Jeffersonshire, WA 36514",Y,miles
533,Kristy Coleman MD,168-66-8020,"8213 Sanchez Plaza
Brandonton, KY 22989",N,hours
534,Sarah Wright,458-47-1107,"21051 Jason Orchard Suite 328
Foxshire, FL 59240",Y,hours
535,Christine Strickland,632-98-2595,"06278 Baker Dale Suite 628
West Nathanmouth, CA 13790",N,hours
536,Desiree West,761-58-4625,"732 Danielle Lodge
Nelsonville, PW 89186",Y,hours
537,Brian Thompson,031-54-5756,"USNS Clayton
FPO AP 21415",N,hours
538,Benjamin Gonzalez,034-14-0766,"Unit 4955 Box 2641
DPO AA 66643",N,hours
539,Ruth Steele,461-69-2629,"883 Jason Pass
West Arthurport, KY 82456",Y,miles
540,Toni Thomas,739-78-7263,"19305 Timothy Junction Apt. 829
Christopherborough, GU 02112",Y,hours
541,Ronald Wolf,308-38-0387,"096 Boone Heights Apt. 421
Port Alexis, GA 39637",N,miles
542,Natasha Wyatt,005-67-8332,"3677 Rachel Island Suite 719
Lake Timothy, RI 93861",Y,hours
543,Robert Miller,117-97-6565,"52206 Laura Village
Cynthiaville, ME 09930",Y,hours
544,Betty Huff,456-93-6506,"5442 Nicole Crescent
East Gary, NE 08556",N,hours
545,Mr. Carlos Heath,705-51-6658,"46201 Perez Plains
Priscillatown, OH 69153",Y,miles
546,Joshua Duke,484-29-0754,"1754 Wanda Mews
East George, PR 52205",N,miles
547,Timothy Hawkins,392-90-9485,"798 Jeffrey Harbors Suite 797
West Andrew, NH 39978",Y,hours
548,Jacob Mason,701-92-0934,"06136 Angela Mountains Apt. 621
Stevenland, SD 58038",N,miles
549,Michelle Sherman,186-22-4083,"528 Colin Square Apt. 469
Port Lori, MH 38898",N,hours
550,James Knapp,336-36-7391,"2273 John Tunnel
New Joe, AR 32309",N,miles
551,Sean Chapman,493-65-4496,"04788 Amber Fords
Lake Andrewmouth, AK 94926",N,miles
552,Michael Bradshaw,621-55-8284,"08713 Miller Bridge
Port Joshuaborough, WI 73821",Y,hours
553,John Martinez,473-74-1431,"47528 Debra Skyway Suite 536
Amandaville, SD 29497",N,miles
554,Karen Wilson,341-20-4518,"0214 Victoria Mall
Johnsonville, MI 36346",N,hours
555,Hannah Bowman,756-26-3123,"Unit 3068 Box 9894
DPO AP 37556",N,hours
556,Samuel Johnson,323-93-9707,"500 Bryan Tunnel Apt. 897
East Shawn, MH 35729",N,hours
557,Timothy Haynes,366-97-3791,"73173 Michael Inlet
Amandaville, ME 07585",Y,miles
558,Alexander Juarez,245-60-1048,"279 Graham Via Suite 878
Lake Erikamouth, IA 56640",Y,hours
559,Spencer Cook,271-08-1869,"826 Sims Cove
Alexville, MN 34885",Y,hours
560,Richard Cain,027-15-4164,"319 Edward Fords Apt. 463
Saraton, NV 46471",N,hours
561,Lori Richard,600-31-7083,"30638 George Lane
Barrmouth, NC 32173",Y,miles
562,Heather Jones,741-87-6508,"43176 Cannon Brooks Apt. 811
New Joannafort, MO 85737",Y,hours
563,Cindy Lopez,568-65-7310,"05797 Torres Shore
Ashleeville, VI 49581",Y,hours
564,Sara Lester,857-74-4175,"002 Rivas Isle Suite 529
Amberborough, LA 84459",Y,hours
565,Gabrielle Jones,799-71-8918,"140 Susan Burgs Suite 221
Jillianberg, MN 67532",Y,hours
566,Dr. Michael Macias MD,676-19-6360,"37159 Paul Loaf
East Michaelhaven, UT 04920",N,hours
567,Michael Poole,865-09-0671,"84231 Brown Underpass
Port Peter, HI 98168",N,miles
568,Tara Brewer,018-53-0406,"09626 Walker Extensions
East Tamarafurt, TN 57161",N,hours
569,Duane Gutierrez,424-08-7756,"5180 Frances Villages
Mendozaburgh, LA 48070",Y,hours
570,Charlene Garcia,330-58-7893,"948 Wilson Spur
West Michaelburgh, SD 19760",Y,miles
571,Angel Parker,085-26-2930,"29845 Williams Mills Apt. 411
Port Jessica, HI 01664",N,miles
572,Christopher Bailey,386-95-4033,"14156 Carlson Corner Apt. 600
Christopherton, NE 66245",N,hours
573,Elizabeth Gray,856-30-9174,"1829 Lisa Rue Suite 296
Port Linda, TX 49033",N,miles
574,Nicole Ruiz,376-64-6547,"466 Hall Trail Apt. 198
Port Carolborough, IN 63449",Y,hours
575,Zoe Gray,534-85-3359,"88972 Vance Loaf
North Lynnland, AZ 64152",N,hours
576,Lauren Carlson,255-06-2567,"470 Jarvis Field
Ericburgh, IN 74176",N,hours
577,Christina Perez,429-06-9438,"6407 Kelly Lake
South Michael, MT 55666",Y,miles
578,Phillip Bowen,559-24-2891,"26852 Brian Manor Suite 075
Jamesstad, VT 38681",N,miles
579,Cristian Townsend,679-33-7502,"9428 Reynolds Springs
West Loriland, IL 23420",Y,hours
580,Brian Chan,221-21-4375,"204 Mckay Circles Suite 649
Cherylfort, NV 93948",N,hours
581,Scott Ashley,659-77-7492,"46596 Scott Glens Suite 651
Port Ronaldfurt, VA 05471",Y,miles
582,Luke Martinez,379-63-3110,"92606 John Estates Suite 757
Thorntonton, RI 20590",N,hours
583,Joseph Lopez,024-33-5378,"100 Hannah Parks
East Kelly, MT 74236",N,hours
584,Laura Nunez,602-46-3155,"409 Johnson Ferry Apt. 022
Vanceland, NM 73095",Y,miles
585,Jacob Bullock,388-56-0920,"1313 Hunt Branch
East Belinda, ME 11616",N,miles
586,Cameron Sanders,236-14-8099,"402 Smith Brook
Lake Eric, TN 12974",N,miles
587,Philip Garcia,524-45-1739,"607 Lee Place
East Tylertown, VI 32629",Y,miles
588,Kimberly Cruz,087-15-7506,"10073 Mann Terrace Apt. 352
Martinezborough, MN 96455",N,hours
589,Laurie Harrell,495-27-9231,"50520 Mueller Road Apt. 401
Hillport, MH 18217",N,hours
590,Julie Campbell,758-33-5492,"185 Linda Station Suite 500
Lake Laura, MH 63773",Y,hours
591,Valerie Hill,601-28-0678,"2573 Charles Junction
West Jason, MO 40182",Y,miles
592,Amanda Walsh,601-22-6246,"67940 Tracey Parkways
Port Meganland, LA 36133",Y,hours
593,James Daniels,512-09-8924,"80910 Edward Gateway
West Paulport, VA 24885",N,hours
594,Ms. Tina Ford,676-40-2862,"8887 Hurley Locks
Arianashire, NY 98589",N,hours
595,William Rivas,312-92-3459,"964 Jane Points Suite 317
Wilsonville, NM 91484",N,miles
596,Mary Mcgee,792-27-2060,"139 John Causeway
New Michelle, PR 84515",N,miles
597,Amanda Pierce PhD,390-36-2050,"7378 Justin Port
North Katiefurt, SC 52837",N,hours
598,Heidi Morgan,538-14-1941,"771 Bell Brooks
Port Danielberg, MI 85490",N,hours
599,Dana Campbell,243-24-8785,"9093 Toni Stravenue
Davidsonview, AK 83313",N,miles
600,Tina Stephens,694-56-1293,"26083 Matthews Locks
East Juan, HI 05437",N,hours
601,Mrs. Kristin Parker DVM,612-59-5807,"5890 Monica Ridge
Smithmouth, WY 11865",N,miles
602,Yolanda Hickman,347-72-8946,"4320 Emily Landing Suite 822
Deanton, IL 90189",N,miles
603,Donald Alvarez,227-73-7780,"494 Stanley Throughway Suite 906
Port Daniel, WY 98723",Y,hours
604,Spencer Kirby,762-75-4318,"0651 John Landing
Timothyshire, CO 43778",Y,hours
605,Anthony Medina,739-49-7902,"649 Jeffrey Lane Apt. 446
Jamesview, KS 69102",N,miles
606,Richard Roberson,260-22-4682,"267 Kim Loop Apt. 894
East Anthonyshire, ME 59688",N,miles
607,Johnathan Carey,647-14-1966,"5709 Ingram Fort
Holtstad, NH 70191",N,miles
608,Linda Wilson,636-19-7190,"5888 Cruz Stream
West Heatherchester, IN 31966",Y,hours
609,Devon Bailey,336-09-3452,"96357 Cody Parks
South Corey, DE 38250",Y,hours
610,Andrea Gonzalez,263-13-1598,"9578 Jeffrey Plaza Apt. 877
Arnoldberg, OK 45073",Y,miles
611,Gerald Drake,175-75-2568,"563 Melissa Well
Lake Joseph, GU 22533",N,miles
612,Erin Burgess,197-85-3120,"7303 Melissa Way
North Maryview, KS 67995",Y,miles
613,Gregory Jordan,537-90-6789,"93634 Nicole Via Apt. 547
North Damon, CO 35439",N,miles
614,Jessica Santiago,178-88-4141,"7542 Ashley Square
Danielfurt, MS 41792",N,miles
615,Victoria Campbell,892-24-5931,"618 John River Suite 128
East Jamesburgh, PA 35030",N,hours
616,Eric Schwartz,470-93-2670,"84974 Matthew Drives Apt. 485
Denisestad, MT 19029",Y,miles
617,Jessica Dennis,483-15-2949,"USNS Brown
FPO AE 93029",Y,miles
618,Melissa Richards,522-44-1123,"66148 Amy Stravenue
East Denise, NJ 88894",Y,hours
619,Alexis Foley,623-54-4223,"249 Marshall Harbors Apt. 293
Dominguezville, SD 21176",N,hours
620,Carol Williams,404-57-3390,"31391 William Place
West Robyn, WI 09100",Y,hours
621,Jose Roberts,235-55-7733,"USNS Andrews
FPO AE 89767",N,hours
622,Sandra Williams,532-88-4776,"2249 Howard Light Suite 904
East Justin, WV 70607",N,miles
623,Mark Hanna,744-68-3008,"234 Burnett Flats Suite 296
Brownview, WY 22770",Y,hours
624,Sandy Norris,285-99-9086,"01119 Theresa Glen Suite 463
Carlfort, OK 05042",Y,hours
625,Mr. Leslie Dixon,503-66-0042,"641 Theresa Ridge Apt. 192
Port Dianeport, DC 23681",N,miles
626,Danny Williams,403-18-1130,"5971 Colleen Mission Apt. 902
Sellersmouth, MO 95825",N,miles
627,Kevin Rodriguez,051-47-2964,"831 Mcintyre Bridge Apt. 357
Bruceton, MI 87479",N,hours
628,Richard Mosley,016-66-6054,"USNS Reyes
FPO AP 38080",Y,hours
629,Matthew Sanchez,203-46-3168,"27834 Kyle Hills
Ashleyburgh, TN 77045",N,hours
630,Jennifer Giles,201-19-4288,"94042 Sarah Turnpike Apt. 354
East Darrell, SD 56838",N,miles
631,Robert Thompson,090-56-0276,"000 Jason Point
South Michaelside, WI 38461",Y,miles
632,Joshua Blackwell,566-01-7177,"136 Espinoza Run Apt. 169
Jefferyberg, NE 36153",N,hours
633,Julie Morris,693-14-0694,"0890 Salazar Spring
Lake Suehaven, WV 87260",N,miles
634,David Wade,040-94-1380,"56810 Veronica Greens
West Dwayne, CT 34594",Y,hours
635,Roger Deleon,853-47-5177,"871 Brandon Row Apt. 855
Randyshire, MD 39551",N,hours
636,Keith Thornton,115-21-4656,"093 Brown Trail
West Amberton, NV 83864",Y,miles
637,Alexis Thomas,724-17-0276,"595 Morgan Ports
Rachelburgh, ND 47442",Y,miles
638,George Ferguson,362-19-5982,"302 Snyder Rapids
East Karenville, AK 06026",Y,hours
639,Zachary Freeman,677-15-7170,"9312 Shannon Trafficway
Crawfordhaven, FL 08577",Y,hours
640,Daniel Johnson,058-77-1063,"840 Rosales Ramp Apt. 602
Mclaughlinville, VA 85624",Y,miles
641,Michelle Brown,048-14-2613,"992 Howell Trafficway
Howardton, MS 44067",N,hours
642,Darrell Butler,874-34-7625,"1981 Black Mountain Suite 310
Lewistown, KY 04440",N,miles
643,Phillip Lewis,066-99-1255,"290 Valerie Radial
Jacquelineside, GU 57365",Y,hours
644,Benjamin Williams,431-96-2106,"5965 Richard Square Suite 474
Mcintoshhaven, FM 86070",N,hours
645,Michele Payne,268-44-2743,"6571 Cannon Trail Apt. 536
Faulknerport, NH 75516",Y,miles
646,Jesus Taylor,253-49-9528,"Unit 3905 Box 1932
DPO AP 35885",Y,hours
647,Steven Jones,746-81-5082,"92922 Kelly Heights Suite 909
Lake Kimberly, PR 74086",Y,miles
648,Donald Rodriguez,616-95-9741,"9378 Samantha Forest Suite 183
East Theodore, NJ 04843",Y,miles
649,Robert Davis,843-79-7865,"07214 Paul Knoll
Leemouth, HI 58232",N,miles
650,Katie Petty,747-75-1715,"35508 Horton Dam
Smithside, ID 11455",Y,hours
651,Gregory Thomas,647-29-9786,"USCGC Martinez
FPO AE 85767",N,miles
652,Christopher Williams,042-80-9067,"7751 Norton Extension
Arnoldtown, OH 81948",Y,hours
653,Molly Rollins,506-80-7724,"7009 Howard Rue
Johnnystad, NH 43955",Y,miles
654,Heather Lopez,373-16-7836,"Unit 5228 Box 9004
DPO AP 72786",N,hours
655,Victor Gray,250-81-2732,"708 Carroll Walks
East Vicki, AR 21212",N,miles
656,Bobby Baldwin,081-57-2819,"0674 Jasmine Circle Suite 203
East Ryan, MP 17394",N,hours
657,Linda Wallace DDS,264-91-4045,"6215 Fields Station Apt. 665
Jenkinsfurt, NY 11822",Y,hours
658,Janet Jordan,130-71-5567,"4336 Everett Islands
Brendanberg, CA 59339",Y,miles
659,Christine Duncan,703-91-1943,"46944 Mitchell Island Apt. 257
Lake Brandonborough, MO 18911",Y,miles
660,Antonio Mason,123-86-2379,"641 Christian Run
South Christopher, NE 15515",Y,miles
661,Jeffrey Hudson,083-74-2063,"600 Danny Curve Apt. 004
East Kari, ME 31930",N,hours
662,William Davidson,149-81-7302,"PSC 0576, Box 4230
APO AA 37408",N,miles
663,Reginald King,757-80-8236,"60219 Carlos Motorway
Alexanderside, IL 87390",Y,hours
664,Michael Martinez,849-60-2548,"1276 Gibbs Mission
Annfort, WY 16133",Y,miles
665,Frederick Olson,554-24-0074,"315 Marie Ford
Courtneyborough, FM 49037",Y,miles
666,Jamie Miller,348-09-4749,"421 Johnson Junctions Suite 793
East Nathanside, MA 93271",Y,hours
667,Jeffrey Garcia,580-90-1465,"5846 Diane Streets Apt. 582
Matthewfurt, NM 93448",N,miles
668,Connie Stevenson,056-34-8172,"44202 Sean Summit
Lake Justin, DC 23550",N,hours
669,Bryan Armstrong,513-06-0406,"6421 Carroll Ville Apt. 203
New Johnberg, VI 63038",Y,hours
670,Mary Lee,194-96-5613,"USS Ferguson
FPO AA 35713",N,miles
671,Latoya White,239-05-2782,"68831 Blake Ford Apt. 453
Fishertown, DE 93584",Y,miles
672,Michelle Delgado,481-92-1902,"006 Michelle Ferry
Heatherton, AZ 91273",N,miles
673,Cynthia Martin,458-78-9087,"79262 Joseph Mission Apt. 444
Hansenchester, MN 49847",N,miles
674,Jonathan Jones,410-83-7559,"237 Ashley Fall
Lake Adammouth, TN 03356",Y,miles
675,Troy Evans,840-62-4981,"4652 Huang View
Martinezburgh, IN 49591",Y,hours
676,Arthur Hernandez,192-53-4988,"7078 Ashley Walk Suite 983
South Michelle, KY 47905",N,hours
677,Nathan Miller,548-08-4171,"304 Foster Mountains Suite 159
Port Curtis, AL 16357",Y,miles
678,Danielle Martinez,425-07-1442,"62870 Mendoza Mill
Chadside, MS 19129",N,hours
679,Glenn Waller III,427-79-4006,"Unit 8434 Box 6917
DPO AE 87700",Y,hours
680,Julie Walters,383-35-0337,"83790 Torres Valleys Apt. 991
Joshuabury, MH 42047",Y,miles
681,Michael Bell,508-20-3235,"736 Jonathan Landing Apt. 362
North Richardfort, MT 53546",Y,hours
682,Kenneth Vargas,668-17-7188,"PSC 9781, Box 0183
APO AP 66473",N,hours
683,David Edwards,885-67-2296,"984 Johnson Common Apt. 627
South Nicole, MN 89776",Y,hours
684,Jaime Ortiz,300-20-2266,"2562 Johnson Pines Suite 516
New Thomasbury, MO 13997",Y,miles
685,Mitchell Cantu,195-42-1816,"10536 James Ports Apt. 194
Pamelamouth, WI 77347",N,hours
686,Mario Mcdonald,849-87-8562,"2910 Warren Square
West Debrahaven, MH 45163",N,hours
687,Emily Orr,363-11-6323,"41094 Mary Track
Greenstad, VA 34154",Y,hours
688,Alan Nguyen,705-22-8122,"36007 Antonio Drive
Valentineborough, AR 06082",Y,hours
689,Bryan Morris,797-56-3552,"959 Miller Curve Suite 804
New Jay, OK 38585",N,miles
690,Susan Morrow,743-32-5198,"39661 Smith Keys Suite 368
Vazquezmouth, WY 89748",Y,miles
691,Robert Liu,345-53-6703,"240 Sara Isle Suite 509
Bobbyberg, FL 04792",Y,hours
692,Marco Holden,860-57-9736,"41002 Antonio Lodge
Leslieburgh, NC 56657",N,miles
693,Kristin Ortiz,495-70-1124,"7290 Joseph Road Suite 685
Fowlertown, OK 51561",N,hours
694,Mckenzie Kelley,570-34-4391,"85828 Aaron Road Apt. 088
East Nicole, ID 62342",N,miles
695,David Fisher,808-56-7346,"53279 Nguyen Stream Suite 615
Austinhaven, MI 83755",Y,miles
696,Tiffany Moore,422-02-7237,"6991 Poole Ferry Suite 503
Briannaburgh, SC 14162",Y,miles
697,Tina Bryant,484-52-8179,"6740 Alexis Loaf Apt. 943
South Julie, TN 01383",Y,hours
698,Thomas Costa,810-82-3763,"3466 Melanie View Apt. 812
North Ericburgh, ND 82123",Y,miles
699,Angel Rivers,086-13-4862,"Unit 3387 Box 5949
DPO AE 54592",N,hours
700,Kelsey Bennett,594-61-1860,"4512 Taylor Lock Apt. 335
Port Johnmouth, LA 09754",N,miles
701,David Salazar,007-52-9892,"69635 Christopher Highway
Amybury, MN 30234",Y,miles
702,Elizabeth Mason,800-37-6802,"7511 Avila Lock
South Ginabury, SD 99875",Y,hours
703,Nicholas Thomas,224-94-1694,"328 Erica Fork Apt. 497
West Brandonmouth, TX 49322",N,hours
704,Patrick Berg,429-09-5005,"USS Walker
FPO AE 69020",Y,miles
705,Leon Walter,359-58-5505,"5553 Smith Falls
Wrightshire, NE 66457",N,hours
706,David Smith,693-65-5464,"4665 Thompson Alley
Kellerberg, TN 86776",Y,miles
707,Johnathan Chase,863-14-2318,"7235 Reid Port Suite 359
South David, DC 59812",N,hours
708,Nicholas Romero,095-93-9482,"70240 Joshua Shore
Jacksonside, NC 62617",N,hours
709,Samuel Hill,267-63-8534,"4424 Martinez Light Suite 268
Port Amy, SD 22905",N,hours
710,Judy Andrews,157-52-3017,"772 Brandon Islands
North Leonard, FM 28096",Y,miles
711,Justin Larsen,075-30-7191,"558 Ewing Drive Suite 557
West Scott, VI 18453",Y,miles
712,Melissa Phillips,229-59-7194,"69698 Frank Lodge
North Christopher, MA 07030",Y,miles
713,Larry Green,546-21-3064,"Unit 7814 Box 0020
DPO AA 42959",N,miles
714,Kenneth Spencer,243-68-3303,"3761 Kristy Valleys Suite 826
East Brian, KS 80762",N,miles
715,Rebecca Barton,086-39-2254,"444 Scott Well
Banksborough, PR 92069",N,miles
716,Kimberly Neal,339-28-2711,"486 Boyer Mountain
Amandastad, AR 23454",Y,miles
717,Amy Hernandez,122-96-7599,"064 Sarah Ways Apt. 816
Spencerfort, OH 89104",N,hours
718,Elizabeth Gaines,363-23-7833,"208 Neal Ridges Apt. 431
North Corey, SD 12390",N,hours
719,Nicole Williams,065-42-0571,"974 Bridget Knoll
Cookchester, ND 22265",N,miles
720,Bradley Warren,669-10-2489,"1004 Alexis Mission Suite 881
Smithview, MO 62833",N,miles
721,Brian Shannon,604-38-2117,"53750 Thomas Ville Suite 632
Lake Reginaland, AZ 64240",N,miles
722,Brendan Smith,637-36-0428,"29401 Everett Flats
Archerside, MS 34487",N,hours
723,Leslie Brown,230-35-9645,"74493 Lopez Mountains
Virginiafurt, AS 05491",N,hours
724,Christine Anderson,003-46-2325,"3034 Jeffrey Mall Apt. 123
Andrewshire, MO 06786",N,hours
725,Cynthia Hall,664-86-5302,"708 Howard Valley
Scotttown, KS 60903",Y,hours
726,Kathleen Walters,115-18-0685,"0415 Kevin Valleys
West Karen, ND 20817",Y,hours
727,Frederick Johnson,245-12-0435,"4414 Johnson Squares
Christyberg, TN 09693",N,hours
728,Randy Aguilar,014-19-1769,"5895 Kerr Landing Suite 880
Port Amandamouth, DE 37266",Y,hours
729,Lauren Medina,148-18-6351,"38513 Robin Union
Troyport, GA 82468",Y,hours
730,Carl Marshall,095-26-9783,"568 Melissa Mountain Suite 372
South Stephenshire, LA 38257",N,hours
731,Katherine Allen,526-54-1539,"429 Kaitlyn Shores Apt. 547
South Francisco, VT 67619",Y,miles
732,Kara Montoya,112-39-7722,"9766 Yoder Spurs Suite 562
North Lisa, DC 62430",N,miles
733,Amy Davidson,599-65-7098,"9881 Alexandria Crossing Suite 812
Millerchester, NH 08847",N,miles
734,Miguel Rogers,392-76-5977,"Unit 5886 Box 0723
DPO AP 88603",N,hours
735,Robert Cooper,356-93-3645,"462 Hector Springs
East Elizabeth, LA 96095",Y,hours
736,Jennifer George,719-06-8441,"4399 Norman Lodge Apt. 422
Gardnertown, PA 31557",Y,miles
737,Lisa Costa,223-58-8548,"2387 Hale Field
New Madison, GU 82445",N,miles
738,Dr. Sabrina Phillips,515-44-0193,"6965 Amber Ridges
Lake Davidfort, PA 40439",Y,hours
739,Cassandra Bush,215-27-4749,"089 Elizabeth Square
Joycehaven, GA 37657",Y,hours
740,Vincent Baker,412-44-4351,"350 Jason Light Apt. 251
Reedton, DC 19974",N,hours
741,Jennifer Barnett,716-19-9736,"208 Destiny Flats
West Meganton, VT 88505",Y,miles
742,Chris Monroe,885-42-5698,"351 Obrien Parkway Apt. 635
North Kimberly, KY 31239",N,hours
743,Allen Watson,313-78-6256,"1710 Vincent Corners Suite 924
South Victoriastad, DE 24868",Y,hours
744,Ms. Christina Pruitt,867-79-3231,"01494 Hurley Fields Suite 716
Donaldstad, OK 71935",Y,hours
745,Christina Hart,827-82-8362,"9767 Austin Creek
East Michele, MO 71055",N,miles
746,Rebecca Woodard,102-39-1132,"3411 Kelly Lock
Savannahton, OR 72092",N,hours
747,Joanne Walker,793-18-1208,"Unit 1255 Box 9572
DPO AE 32110",N,miles
748,Jennifer Diaz,766-90-9666,"9230 Patrick Lakes Suite 657
Lake Kimberlyview, AK 28135",Y,miles
749,Matthew Powell,783-33-2342,"2733 Davis Groves Suite 433
Sextonberg, CT 54814",N,miles
750,Heather Mora,640-86-3541,"7897 Hannah Branch
Jimmyside, MH 75697",Y,miles
751,Troy Miller,812-26-1826,"3001 David Field Apt. 977
East Troy, MN 12255",Y,miles
752,Douglas Simpson,588-01-5009,"1966 Andrew Port
Port Michealshire, WI 90054",Y,hours
753,Paula Mendoza,849-53-1336,"62183 Cox Garden Suite 503
Garciachester, CT 80809",Y,hours
754,Casey Sanders,126-88-4170,"63164 Ford Brooks
Jamesville, RI 87390",Y,hours
755,William Garcia,496-30-1089,"69071 Rogers Landing Suite 679
Ronniebury, TX 85437",N,hours
756,Janice Hill,835-37-3746,"3776 Sanchez Passage
West Michaelberg, KS 40153",N,miles
757,Angela Dudley,340-62-8653,"Unit 5666 Box 3226
DPO AP 14950",Y,hours
758,Kristi Williamson,487-84-4898,"940 Justin Center
Smithport, NY 82161",N,miles
759,James White,434-15-7386,"887 Francisco Summit
New Angelaberg, IL 65795",Y,hours
760,Sabrina Washington,834-53-6196,"088 Brown Mountain
Port Steventown, FL 03670",N,miles
761,John Green,406-64-9372,"21773 Rodriguez Island Apt. 015
Rochaport, VA 78171",N,hours
762,Jennifer Lawrence,664-65-5517,"67081 Paul Walks
East Mark, AR 25571",N,hours
763,Anna Burns,223-47-0430,"8215 Edward Crest
Woodton, OH 57482",Y,miles
764,Nancy Wright,879-57-0256,"299 Clark Camp Suite 129
Rayside, LA 94369",N,hours
765,Emily Garcia,209-02-4158,"9102 Amanda Lock Apt. 413
West Sarah, WY 10597",Y,hours
766,Kimberly Turner,340-18-6674,"PSC 7504, Box 7703
APO AE 56164",N,hours
767,Karen Johnson,794-89-7171,"759 Barnes Dale
New Michael, AL 48596",N,miles
768,Grace Tapia,225-93-8601,"31255 Todd Passage
Gainestown, DC 78533",Y,hours
769,Monica Ramos,815-31-7324,"2404 Steve Views
Dawsonville, DE 36699",Y,hours
770,Taylor Smith,700-36-0057,"1393 Butler Keys Suite 494
Jessicafort, MD 62208",N,miles
771,Aaron Blair,115-44-7786,"1158 Lowe Plaza
Port Timothyville, IL 17810",Y,miles
772,Mark Mosley,602-21-1982,"Unit 2346 Box 0818
DPO AP 83277",Y,hours
773,John Ramirez,838-63-4833,"81867 Thomas Glen Apt. 836
Jameshaven, OR 69969",N,miles
774,Christopher Bruce,218-95-9683,"1154 Kenneth Neck Apt. 062
Beckyville, OH 88105",N,miles
775,Lauren Russell,499-38-5013,"442 Tammy Village Apt. 163
North Kellyfurt, CA 99138",Y,miles
776,Michael Williams,411-23-3936,"503 Sharp Roads Apt. 065
Amberport, SD 23402",N,miles
777,Walter Alvarado,815-77-2961,"202 Cox Port
Lake Chad, OR 19627",Y,hours
778,Marcia Whitaker,746-58-7750,"295 Adrian Crescent
Port John, CA 55113",Y,miles
779,Alex Marshall,361-25-2413,"97249 Chad Parks Suite 027
Jacksonshire, NJ 69944",Y,miles
780,Bryan Reese,030-16-6377,"46200 Haley Place
Javierstad, CA 27116",N,hours
781,Anna Elliott,143-80-2935,"051 Hurley Parks Apt. 184
Davidbury, WA 80450",Y,miles
782,Evan Choi MD,065-23-9859,"6299 Bass Run Suite 363
Morrismouth, FL 45018",Y,hours
783,Anthony Rogers,541-84-0563,"966 Hernandez Stravenue
Wattsmouth, GA 78447",N,miles
784,Stephanie Mccormick,527-84-8601,"PSC 8768, Box 4428
APO AE 16748",N,miles
785,Matthew Thompson,220-36-0839,"Unit 6557 Box 7980
DPO AE 36241",N,hours
786,Melissa Wagner,461-86-5189,"0116 Patel Circles Suite 795
West Williamtown, FM 54077",Y,miles
787,Nancy Buckley,307-08-1499,"05609 Greene Squares
Stephanieland, MS 59787",Y,miles
788,Tasha Rose,124-03-9023,"28690 Kathy Camp Apt. 891
East Theresa, DC 87846",Y,miles
789,Carolyn Duncan,790-60-3872,"USNV Jefferson
FPO AE 74628",Y,hours
790,Jennifer Neal,283-03-4664,"357 Emily Skyway
East Johnbury, IL 59588",N,miles
791,Justin Knight,749-30-8426,"753 Martinez Forest
Lake Amyborough, MT 87106",N,hours
792,Julie Hayes,208-85-6333,"48583 Smith Hills Apt. 453
Hillshire, WV 93248",Y,miles
793,Michelle Greer,099-71-5068,"67032 Montgomery Prairie Apt. 086
Devonland, AK 04822",Y,miles
794,Krystal King,655-79-9170,"7540 Davidson Summit
North Gabriel, IN 54199",Y,miles
795,Nathan Chavez,412-96-9152,"545 Anthony Squares
Brucechester, ME 90876",Y,hours
796,Scott Calhoun,560-39-0578,"8694 Holloway Tunnel
West Aaron, VA 52203",N,miles
797,Amanda Chase,531-20-2714,"309 Davis Cliff
Nathanielport, NH 50578",N,miles
798,Nichole Miller,227-21-6575,"PSC 1183, Box 2067
APO AP 67451",Y,miles
799,Ashley Turner,298-28-8049,"849 Amanda Row
Dixonfurt, WV 05840",Y,miles
800,Robert Harmon,719-57-9547,"2759 Jennifer Well
West Blakeburgh, NV 71240",Y,hours
801,Ruben Long,652-03-1067,"79433 Smith Summit Apt. 009
North Joshuamouth, TX 72059",Y,hours
802,Julie Davis,662-79-4941,"71142 Brandon Lakes
East Krystalberg, OK 57329",N,hours
803,Daniel Lee,368-53-1774,"774 Stacy Bypass Suite 836
Johntown, CT 59971",N,miles
804,Donna Robbins,652-55-6722,"978 Bowen Square
West Amanda, KY 52313",N,hours
805,Gabrielle Dixon,646-63-6537,"81106 Amy Shoal Suite 858
Frazierborough, MS 98921",Y,miles
806,Gary Powell,753-42-1175,"Unit 1242 Box 7675
DPO AE 80864",Y,hours
807,Claire Joseph,272-74-1068,"023 Davis Field
Andreaport, MD 71268",Y,hours
808,Jason Mcneil,342-45-5243,"8311 Scott Expressway Apt. 003
West Sarahview, FL 75176",N,miles
809,Timothy Smith,141-09-0023,"342 Robertson Landing
Westhaven, ME 66563",Y,hours
810,Stephanie Brown,310-16-6819,"6903 Buchanan Lane Suite 815
Port Brucefurt, MH 61809",Y,miles
811,Gerald Dawson,736-91-0777,"4260 Payne Glens Apt. 681
Johnport, ME 36254",Y,hours
812,Valerie Payne,003-26-0221,"24045 Peterson Village
North Amandabury, MT 92397",Y,hours
813,Daniel Wilson,638-24-2086,"814 Jones Parkway
Port Debbieshire, NE 70657",Y,hours
814,Arthur Lewis,017-68-7894,"3280 Devin Crossing Apt. 511
South Sandra, NV 41685",Y,hours
815,Miguel Mitchell,265-70-7750,"74426 Mark Divide
Sheltonview, KS 17625",N,hours
816,Jonathan White,706-04-3412,"419 Yesenia Passage
South Lindafort, MI 20975",N,hours
817,Jillian Jimenez,314-83-6357,"55259 Allison Forks
North Edwardfort, CT 98135",Y,hours
818,Ricky Freeman,657-46-3002,"2191 Frank Circles
Harveyhaven, MO 44672",N,miles
819,Jacob Smith,689-92-2541,"75533 Anderson Villages Suite 159
North David, VT 65971",Y,miles
820,Rachel Chapman,898-63-9231,"205 Stephanie Neck Suite 939
North Kevin, HI 46846",Y,miles
821,Timothy Shelton,796-75-1474,"29021 Keller Gardens Suite 894
Jamesfurt, WV 25741",N,hours
822,Kendra Stein,098-89-4537,"06079 Kathleen Way
North Carl, VT 90251",Y,hours
823,Jessica Graves MD,673-52-4805,"358 Catherine Vista Suite 214
Lake Briannaborough, NV 75037",N,hours
824,Kelly Mckenzie,203-70-3706,"Unit 1974 Box 0412
DPO AE 53109",Y,miles
825,Jacqueline Gould,793-03-9469,"8109 Jesus River
East Lauriestad, GA 14440",Y,miles
826,Bethany Clark,626-25-5561,"93144 Cooke Mountains Apt. 478
Sweeneystad, SC 70343",N,miles
827,Kristen Miller,074-45-3727,"37132 Fitzpatrick Meadow
Martinezside, NE 66785",Y,hours
828,Tonya Adkins,796-51-8283,"9071 Johnston Drives
Graymouth, OH 28981",N,hours
829,Thomas Henderson,829-45-8323,"1926 Aaron Valley
East Carl, PW 48290",Y,miles
830,Donna Montoya,518-51-4479,"0284 Shelby Keys Suite 958
Stephensport, AS 36756",N,hours
831,Timothy Morris,544-11-1848,"96037 Erica Cliffs Apt. 180
Scottfurt, SC 41935",Y,miles
832,Christopher Sanders,803-08-7666,"USNS Frost
FPO AA 08325",N,hours
833,Joshua Reyes,558-37-3669,"USS Mcdonald
FPO AP 33920",Y,hours
834,Andrea Boyd PhD,774-81-5520,"68063 Natalie River Apt. 176
West Shelly, ME 67858",N,hours
835,Maria Wagner,153-94-2491,"06398 Mitchell Street Suite 778
New Christian, MD 03620",Y,miles
836,Crystal Green,237-01-4957,"68532 Connie Gardens
Bobbyville, VI 22379",N,hours
837,Robert Gray,040-64-7420,"393 Loretta Ranch
Port Ianview, WA 69215",Y,hours
838,Mary Wall,614-95-5179,"9677 Cox Divide
Johnhaven, VA 77196",N,hours
839,Jeffery Kirby,326-33-7381,"80545 Diaz Forge Suite 022
Lake Jacobmouth, OH 07991",Y,miles
840,Jeffrey Watts,556-18-5974,"95399 Kelly Plains Apt. 797
Port Amanda, MA 84588",N,miles
841,Jill Payne,752-62-8501,"999 Elizabeth Lane
Rollinsstad, DE 41280",N,hours
842,Michael Wells,622-67-9575,"53550 Michael Streets
East Stevenchester, SD 54526",N,miles
843,Melissa Henry,437-83-5653,"36230 Pierce Freeway Apt. 881
Gregoryton, NM 74577",Y,miles
844,Adrienne Brewer,798-90-2175,"48019 Drake Circles Suite 462
Andersontown, KS 81741",Y,hours
845,Kayla Yang,438-55-5050,"4078 Morton Ports
Goodmanville, UT 86200",Y,hours
846,Debra Davis,149-18-0948,"6081 Stephanie Ford
North Amy, NJ 35023",Y,hours
847,Anne Greene,709-50-2066,"53451 Lauren Pass
Sandersville, AS 10273",N,miles
848,Caroline Weber,614-45-3533,"4147 Murray Viaduct
Ellisberg, AL 29031",N,miles
849,Thomas Prince,623-44-5390,"0376 Murphy Club Suite 590
Jenniferborough, NM 78883",Y,miles
850,Andrew Evans,762-34-9215,"31307 Stacey Mission
Andrewsstad, ME 88835",Y,hours
851,Kimberly Estes,478-50-7982,"7930 Herrera Summit Apt. 004
Keithbury, AR 78969",N,miles
852,Mr. Alfred Michael,185-77-0552,"PSC 9595, Box 4200
APO AA 08142",N,miles
853,Lisa Miller,743-59-9911,"32521 Garrett Highway Apt. 424
Margaretton, CT 87874",N,miles
854,Fernando Russo,064-50-3631,"9323 Tracey Court
West Krystalborough, OK 49438",N,miles
855,Jesse Sharp,529-92-7929,"23877 John Locks
Port Davidshire, NC 66736",Y,miles
856,Sharon Myers,441-19-4922,"Unit 2260 Box 2596
DPO AP 65815",N,hours
857,Scott Finley,387-67-4636,"7748 Shaffer Canyon
South Richard, TX 94777",Y,miles
858,Thomas Williams MD,200-61-2303,"16953 Christopher Viaduct Suite 668
Gordonberg, MA 45394",Y,hours
859,Cody Kane,880-25-1953,"42644 Walker Mills
Feliciashire, PR 27682",N,miles
860,Tricia Malone,785-13-4699,"Unit 4401 Box 5655
DPO AP 91343",N,hours
861,Spencer Miller,287-04-7412,"3308 Bradley Station
West Mariafurt, FM 58454",N,hours
862,Joshua Brown,045-31-5024,"557 Michael Trail Apt. 028
North Teresa, RI 66539",Y,hours
863,Dillon Bell,793-65-9551,"80700 Rebecca Trace
West Terrenceport, WI 32684",Y,hours
864,Scott Walters,433-32-5264,"3622 Hernandez Drive Suite 395
East Jesus, MO 27183",Y,miles
865,Michelle Martin,359-25-2870,"177 Denise Drives
North Ashley, AZ 81733",Y,hours
866,Catherine Hall,180-99-7856,"Unit 7732 Box 1981
DPO AA 81078",Y,hours
867,Ashley Garcia,070-63-1568,"81689 Collier Neck
Maxwellburgh, MS 61549",Y,miles
868,Brittany Snyder,648-19-5171,"89082 Christopher Corners
Hawkinsside, NJ 89985",N,miles
869,Darryl Aguilar,095-91-5070,"6200 Amy Causeway Suite 537
Vaughnville, TX 27955",N,miles
870,Eric Carpenter,101-34-9195,"952 Mary Ports
East Jessicastad, IL 25105",Y,hours
871,Heather Campbell,220-65-6717,"6348 Simmons Lane
Ivanshire, RI 42250",Y,hours
872,Lydia Williams,454-31-7806,"PSC 8925, Box 7812
APO AE 03085",N,miles
873,Austin Ramirez,269-33-6809,"515 Rodriguez Lane Apt. 178
Dianashire, AR 62700",N,hours
874,Melissa Grant,199-57-6087,"PSC 9074, Box 6496
APO AE 17472",Y,miles
875,Alexandra Wagner,004-09-5733,"9344 Gregory Forest
Mclaughlinburgh, NM 90180",Y,hours
876,Elizabeth Cooper,290-43-4876,"Unit 4617 Box 0795
DPO AP 10890",Y,hours
877,David Ford,298-17-8775,"PSC 7129, Box 2972
APO AE 35311",Y,miles
878,Mathew Harris,676-48-5440,"034 Michael Manors Apt. 242
Perezberg, MI 47215",N,miles
879,Thomas Alvarado,486-28-7111,"7402 Jonathan Valley Apt. 689
Danielchester, NY 61023",N,hours
880,Rachel English,860-45-1504,"Unit 6660 Box 6451
DPO AP 87217",Y,hours
881,Samuel Cox,245-79-3144,"23171 Wendy Plaza
Mayertown, AR 85951",N,hours
882,Adam Chavez,884-48-4964,"0448 Martinez Knoll Suite 115
Spencermouth, CA 05556",N,hours
883,Brandon Wyatt,084-78-6647,"5317 Cooke Plaza
Donaldmouth, OK 96444",N,miles
884,Craig Hughes,454-41-3615,"40717 Karen Cliffs
West Christopher, SD 36495",N,miles
885,Michelle Hughes,505-39-5549,"033 Bradley Vista
West Ashleeburgh, UT 60874",N,hours
886,Jeremy Jones,106-07-8122,"PSC 2382, Box 6431
APO AA 22421",N,hours
887,Ryan Roberts,598-32-9443,"021 Michele Spurs
Lake Renee, SC 03228",Y,hours
888,Dr. Carolyn Kelly,191-50-1922,"811 Gregory Passage Apt. 793
Laurafort, DE 00826",Y,miles
889,Susan Boyer,747-80-8742,"73857 Watkins Creek
Patriciachester, SC 63196",N,miles
890,Christina Williams,487-63-4245,"9680 Pena Ramp Suite 196
Jennyfurt, VI 13031",N,hours
891,Sherry Williams,451-60-4692,"887 Kelly Burgs
North Kathleen, MP 64328",Y,miles
892,Debra Mejia,642-34-1448,"0638 Daniel Dale Apt. 746
West Nicholas, NE 09232",N,hours
893,James Wilcox,387-07-4687,"306 Deborah View Apt. 731
Wrightchester, CA 15157",Y,miles
894,Tammy Williams,153-83-8670,"330 Hernandez Glen
Lake Christinefort, KY 08068",Y,hours
895,Caitlin Castillo,153-12-8797,"00245 Williams Lake
East Julie, PW 64213",Y,hours
896,Justin Ashley,405-97-2620,"79810 Gallagher Fields Suite 929
Riveramouth, RI 51864",N,hours
897,Kristy Sanchez,570-07-7118,"15020 Kline Common
New Kellie, MD 82614",N,hours
898,Katelyn Simpson,105-61-3245,"0014 Jennifer Island
New Misty, NY 54833",N,hours
899,Rebecca Bowen,602-06-8998,"2382 Zamora Springs
Jameston, RI 89979",Y,hours
900,Frank Randall,183-18-2874,"27898 Chase Walk Apt. 653
New Maryville, HI 42792",N,miles
901,Christina Robinson,341-32-4134,"67373 Richard Terrace Apt. 638
Port Carrie, PR 20273",N,hours
902,Melissa Wilkerson,782-11-1599,"5848 Padilla Road
Meghanfort, MD 18865",N,hours
903,Jesse Crosby,411-89-8545,"PSC 8969, Box 2127
APO AE 31458",N,hours
904,Morgan Preston,415-48-1611,"077 Paul Skyway Apt. 370
New Brenda, NV 83328",N,hours
905,Michael Price,072-42-5442,"840 Lee Lane
Ramirezport, ND 99909",Y,miles
906,Kristina Anderson MD,227-72-9408,"060 Shannon Underpass Suite 594
South Benjaminshire, MS 70784",N,miles
907,Margaret Black,173-32-9354,"693 Joseph Stream
Hendersonmouth, WV 27702",Y,hours
908,Leslie Oconnell,302-66-4782,"062 Benjamin Center Suite 435
Robertport, CO 71229",Y,hours
909,Erica Ball,386-63-9737,"7360 Beck Lock
Robinsonview, ME 83523",N,hours
910,James Hawkins,641-04-5177,"487 Jacobs Loop
Lake Madison, MT 59152",N,hours
911,Amanda Wagner,274-69-2104,"74768 Orr Haven
New Thomasberg, VT 96582",N,hours
912,Joshua Boyle,131-70-5288,"672 Delgado Drive
Jacobton, MP 50596",Y,hours
913,Aaron Francis,810-52-0439,"USS Martinez
FPO AA 43421",Y,miles
914,Willie Henson,888-82-9746,"01825 Herrera Islands
North Denise, MS 49041",N,miles
915,Matthew Pearson,764-45-3851,"PSC 2416, Box 2252
APO AA 59848",Y,hours
916,Mary Underwood,347-46-2564,"38694 John Harbors Apt. 805
East Lonnieborough, TN 16726",N,hours
917,Dustin Mckay,736-70-4700,"261 Angela Crossing Suite 382
Cooperton, MH 42191",N,miles
918,Keith Decker,388-87-9621,"602 Harvey Neck
Jamieton, OR 35356",Y,hours
919,Richard Carson,702-79-6095,"333 Desiree Path Suite 847
Lindseybury, MN 56902",N,miles
920,Tammy Hernandez,538-49-3762,"USNV Lindsey
FPO AP 23501",Y,hours
921,Stephen Moore DVM,038-52-5235,"7622 Thomas Plains Apt. 461
North Travistown, NH 06470",N,hours
922,Timothy Kramer,319-28-9083,"PSC 2554, Box 6534
APO AA 87617",Y,miles
923,Corey Fernandez,234-16-4444,"392 Miguel Overpass
Port Carolynfurt, NE 96003",Y,hours
924,Caleb Strickland,740-80-8997,"086 Bowers Shoals
Alfredfurt, NM 77389",Y,miles
925,Riley Berger,897-97-4845,"80120 Jennifer Cove
South Margaretmouth, AR 80924",Y,hours
926,Jason Oneal,847-86-9772,"02324 Rodriguez Mission
New Derekburgh, WV 26593",Y,hours
927,Dustin Hernandez,787-82-0336,"309 King Land
Lake Debbie, IN 35713",Y,miles
928,Catherine Cross,701-60-7287,"940 Burton Estates
Wrightborough, VT 18917",Y,hours
929,Charles Lewis,014-36-8430,"69472 Justin Island
Hardingtown, CA 78548",N,miles
930,Eduardo Perez,086-28-2938,"6599 Sabrina Gateway Suite 809
Choifort, TX 75064",Y,miles
931,Karen Gordon,336-36-4933,"172 Samantha Terrace Suite 025
Michellemouth, TX 95875",N,hours
932,Shaun Rogers,127-71-5060,"3986 Destiny Green
Kathleenchester, OR 97079",N,hours
933,Tracey Kennedy,167-94-0081,"19696 Susan Extensions
Christopherberg, OH 06925",N,miles
934,Craig Ramirez,443-32-2609,"PSC 5411, Box 6388
APO AP 40516",Y,hours
935,Jeffrey Moore,116-06-0524,"31974 Michael Camp
Port Timothymouth, LA 85929",Y,hours
936,Barbara Tran,079-92-8931,"USNV Mendez
FPO AP 72602",N,miles
937,Brandi Cain,474-39-0882,"USCGC Hill
FPO AA 27840",Y,hours
938,Mrs. Sarah Atkinson DVM,021-42-6140,"26632 Johnson Mountain
West Teresachester, AS 77356",N,miles
939,George Harrison,490-09-2447,"2255 Sydney Manors Suite 252
Michaelbury, NJ 75961",Y,miles
940,Scott Villa,667-42-4082,"Unit 7356 Box 6968
DPO AP 45632",N,hours
941,Janice Nichols,793-45-2700,"47297 Logan Lock Suite 507
Mccartymouth, TN 52858",N,hours
942,Troy Stokes,007-05-2451,"Unit 1342 Box 2012
DPO AP 37832",Y,hours
943,Christy Richmond,793-32-3432,"9222 Cook Meadows
Patricktown, WA 55101",N,miles
944,Leslie Maldonado,447-34-1882,"39958 Michael Points
Port Deanna, RI 76570",N,hours
945,Jasmine Williams,244-53-2948,"PSC 6638, Box 7884
APO AA 57654",N,hours
946,James Wheeler,763-64-0459,"USCGC Moore
FPO AE 15314",Y,miles
947,Christopher Steele,353-89-0396,"696 Randall Alley
East Michaelborough, OR 02225",N,hours
948,Alan Chung,802-07-9317,"PSC 4893, Box 2983
APO AA 42789",N,miles
949,Jonathan Myers,255-62-2674,"PSC 8743, Box 1195
APO AE 96225",Y,hours
950,Dr. Wendy Pena DVM,673-82-7689,"3916 Lauren Ports Apt. 732
Stevenstad, LA 37432",N,hours
951,Allison Trevino,792-17-6933,"39242 Brian Lakes
North Jenniferbury, CT 84449",Y,miles
952,Luis Henderson,507-24-8065,"7498 Joyce Village
Lake Shannonberg, FL 41785",Y,miles
953,Christine Rodriguez,429-68-2662,"554 Austin River
Burnettmouth, CO 19989",Y,hours
954,Michelle Anderson,715-96-4723,"196 Jonathan Rapids
East Theodore, ND 64704",N,hours
955,Richard Nguyen,678-84-6909,"379 Hector Lodge Apt. 398
South Glen, TN 17403",N,hours
956,Stacy Cannon,728-23-3101,"90916 James Forge
Raymondfurt, MN 38243",N,miles
957,Frances Sims,519-98-7729,"USS Ellis
FPO AE 65014",Y,hours
958,Johnathan Logan,736-90-7418,"654 Bradley Trail Suite 042
Lake Andrea, WI 84719",Y,miles
959,Michael Johnson,168-94-6464,"63518 Linda Lodge Apt. 732
New Rebeccafort, NY 83273",Y,hours
960,Daniel Grant,838-16-3966,"Unit 0907 Box 9845
DPO AE 88489",N,hours
961,Sandra Lewis,737-37-6467,"37760 Nolan Vista
Lisafort, CA 85232",N,miles
962,Richard Reyes,718-79-1699,"1535 Erica Turnpike
Port Marissa, KS 75000",N,hours
963,Mark Foster,536-83-1648,"86210 Daniel Meadows Apt. 052
Jonesview, KS 15655",N,hours
964,Jeremy Jennings,232-04-7929,"62981 Bowers Lake
North Tina, KS 33420",N,miles
965,Patricia Dawson,640-05-1487,"72112 Tyler Brook Apt. 803
West Kristaborough, SD 26916",Y,hours
966,Susan Buck,321-30-5620,"6218 Beverly Shoals
Lisafurt, VA 25026",N,hours
967,Michael Pearson,224-20-1560,"591 Ronald Estates
North James, TX 64615",Y,miles
968,Phillip Gonzalez,008-68-6059,"458 George Lakes
New Karen, IA 16620",N,miles
969,Gavin Montgomery,785-73-1944,"USNV Padilla
FPO AE 17697",N,miles
970,Elizabeth Decker,348-60-5506,"33396 David Mission
Josephmouth, CA 03425",N,miles
971,Kelsey Clark,062-57-9354,"5655 Zachary Highway
Gibsonview, DE 70967",N,hours
972,Alyssa Hill,577-56-2520,"02714 Derek Canyon Suite 527
Lake Heather, NJ 65300",Y,miles
973,Mr. Mark Evans DVM,604-44-7772,"USCGC Schmidt
FPO AA 16544",N,hours
974,April Robbins,565-39-6262,"87693 Ashley Rapids Apt. 593
Houstonside, DE 93379",Y,hours
975,Paige Burton,381-57-6499,"740 Davis Shoals Apt. 393
Richardsonshire, MT 30045",N,miles
976,Richard Cox,463-91-2435,"81800 Rachel Curve
Jamesside, IL 17130",N,miles
977,Lauren Gutierrez,381-98-6612,"49730 Lane Coves
South Rick, NC 58819",Y,miles
978,Alexis Hansen,219-30-8801,"25590 Cooper Mission Apt. 439
West Erin, FM 58397",N,hours
979,Kimberly Kennedy,016-18-6637,"81984 Green Oval
West Laurenview, NV 09779",Y,hours
980,Penny Little,387-69-2631,"59725 Breanna Corner Suite 938
Louisport, VT 13885",N,miles
981,Willie Duncan,708-57-5939,"123 Guerrero Walks Apt. 871
Port Antoniofurt, MI 69212",N,hours
982,Gabrielle Harris,244-68-3469,"68554 Walker Forge Apt. 437
East Joy, HI 74917",N,miles
983,Marcus Wallace,251-25-2246,"0596 Holt Springs Apt. 689
Burgesston, NH 46930",Y,hours
984,Robert Henry,562-68-6275,"561 Manuel Fall
West Jerry, LA 80785",N,hours
985,Jonathan Jones II,168-89-7840,"899 Stephanie Viaduct Suite 690
Bellfurt, CT 98966",N,hours
986,Thomas Wong,097-50-0249,"02617 Rodriguez Knoll
Ramosshire, CA 65160",Y,hours
987,Natalie Wood,392-73-4148,"0435 Poole Port Suite 438
Lake Colleen, WI 76948",N,miles
988,Christopher Smith,083-80-8841,"6996 Melinda Haven Apt. 560
East Michael, KS 74549",N,miles
989,Kevin Carter,069-80-4954,"46488 Mckee Mountains Apt. 936
Mathewsberg, TN 90204",Y,hours
990,Edward Perkins,889-23-1130,"324 Coffey Stream
Andersonton, OK 67276",N,miles
991,Heidi Thompson,468-86-3168,"44544 Gonzalez Tunnel
South Shelleyton, UT 62219",N,miles
992,Rachel Rollins,104-64-5645,"37576 Li Via
Meganmouth, MO 96393",N,miles
993,Angela Stewart,714-09-5396,"5677 Nathan Divide Suite 472
Zimmermanmouth, CT 92271",Y,hours
994,Kevin Hall,209-39-9096,"Unit 9765 Box 5753
DPO AA 43245",Y,hours
995,Kevin Burton,819-43-5228,"3034 Gregory Well Apt. 210
Sheilaside, AZ 63719",Y,hours
996,Brian Baker,557-78-1630,"Unit 4335 Box 5187
DPO AE 92387",Y,miles
997,Maria Elliott,142-40-0542,"5763 Lauren Walk Apt. 768
Troyborough, OK 03925",Y,hours
998,Jennifer Huang,640-26-2750,"31151 Martinez Overpass
Johnsonview, AR 51972",N,miles
999,Brandy Gomez,526-18-0831,"6975 Daniel Loaf Apt. 095
Jennifershire, HI 65928",N,miles
1000,Jennifer Roberts,201-55-5480,"333 David Landing
Lake Alexisport, MI 51563",Y,hours
1001,Mark Myers,701-15-4377,"USCGC Sanchez
FPO AP 58562",N,hours
1002,Sara Davis,274-52-0359,"825 Lee Forge
Kingborough, AL 39941",Y,miles
1003,Sarah Rosales,026-91-1418,"48590 Hamilton Lock
North Suzanneland, CA 72164",Y,hours
1004,Timothy Adams,362-86-7947,"14855 Timothy Forge Apt. 978
Fishermouth, AK 55256",N,hours
1005,Allen Bell,504-43-5958,"65523 Brock Port Apt. 674
Mclaughlinbury, AS 88675",N,hours
1006,Samantha Warner,745-27-0843,"10277 Wheeler Lane Apt. 460
Cookfurt, DE 29239",Y,hours
1007,Adrian Stephens,379-71-6069,"172 Melissa Overpass
East Rachel, RI 68174",N,hours
1008,Deanna Brooks,033-34-8768,"725 Harris Ports Suite 123
North Autumnville, CA 55496",N,miles
1009,Megan Kennedy,572-09-4208,"6718 Mcdonald Forges Apt. 037
New Richard, PW 82841",Y,hours
